350,352,354,356,358,360,362,364,366,368,370,372,374,376,378,380,382,384,386,388,390,392,394,396,398,400,402,404,406,408,410,412,414,416,418,420,422,424,426,428,430,432,434,436,438,440,442,444,446,448,450,452,454,456,458,460,462,464,466,468,470,472,474,476,478,480,482,484,486,488,490,492,494,496,498,500,502,504,506,508,510,512,514,516,518,520,522,524,526,528,530,532,534,536,538,540,542,544,546,548,550,552,554,556,558,560,562,564,566,568,570,572,574,576,578,580,582,584,586,588,590,592,594,596,598,600,602,604,606,608,610,612,614,616,618,620,622,624,626,628,630,632,634,636,638,640,642,644,646,648,650,652,654,656,658,660,662,664,666,668,670,672,674,676,678,680,682,684,686,688,690,692,694,696,698,700
0,0.000344024645175647,0,0,0.000293114995720084,0,0.000744917209023803,0,0,5.33679325227549e-05,0,1.75695638529609e-05,0.000196538101012153,9.08521359768432e-06,0.000170722081318734,0,0.000233993941465383,0,0,0.00031318523421377,0.000199519254266985,7.2475297093705e-05,8.03717726705182e-05,0,0.00029470320142594,0.000257676741326463,1.4793191056518e-05,8.2002431121008e-05,0,4.37391525146624e-05,4.65069205761218e-05,0,0,0.000146002818699478,9.69392927052375e-05,0,3.50251047722058e-05,4.18910307973484e-05,0,0,0,0.000157211648266521,4.13721367313245e-05,0,0,0,0,0,7.6786554785619e-05,0,0,0.000257966896252568,0,0.000127708744317046,0,0.000314305888798361,5.80560245919947e-05,0,0.000108117047352577,0,7.37449644822297e-05,4.9231563010827e-05,0,0,0,0,0,0,0,6.74758848971446e-05,0,4.05440023554406e-05,2.74682715428367e-05,0,5.02138893439285e-05,1.64521105560296e-05,0,5.85527951095419e-05,0,4.01815227966656e-05,0,4.68138363841142e-06,9.26561941105091e-05,0,8.04075781554262e-06,5.39139457772341e-05,0,2.97954445485493e-05,4.27195525902103e-05,6.51672671256383e-05,4.43853844242229e-05,0,7.01090153635884e-05,7.29373632061762e-06,0,5.81144837749282e-05,0,6.8767675834146e-05,1.95978140746468e-05,0,3.89611185354402e-05,1.15853784792279e-05,3.2703885753733e-05,3.35125881096185e-08,0,0,4.6961523814176e-05,0,7.7295008983606e-05,1.03637915767015e-05,2.32715465438202e-05,0,2.72375953180282e-05,2.64609058387403e-05,0,9.13058012580034e-05,7.58043507947211e-05,2.8469662869326e-05,0,3.41785782850536e-05,0.000105485466554045,0.000193446819383752,0.00022833826529857,0.000221445913357459,0.00016462576931544,0.000342770637589178,0.000306978814227274,0.000615315015203024,0.000647564623964579,0.00100202057322292,0.00124667826895777,0.00150485620551147,0.00196723347498707,0.00249001455672167,0.00293719162301988,0.0037425356854177,0.00474632084102327,0.00600771177947725,0.00733156045188429,0.00900003691653053,0.0108770599403984,0.0133212675370713,0.01548945073215,0.0193909170961365,0.0240700129353413,0.029866178732573,0.0366910793387892,0.0452716925178987,0.0558168564113749,0.0683930028357497,0.0813635805243955,0.0939274927284145,0.100890211826939,0.0967601837192287,0.0805421137986055,0.0578584419332486,0.0390545879789585,0.0265492776904437,0.0180469818729419,0.0124019922976101,0.00845455585063676,0.00567249006365494,0.00357966558789441,0.00259499640159477,0.0016705623992169,0.0011980068701163,0.000868102758171638,0.000756596403582792,0.0005143164285741,0.000426468405405623,0.000281946987668295,0.000118162055927541,0.000254186522162627,0.000173300320916515,4.42358822514751e-05,0.000164116825748639
0,0.000177831204706066,0.00010448568438452,0.000119807768081276,0,0,0,0,0.000297499164858999,5.75901449055772e-05,0.000109222088352237,0.000201722013048209,0,0.000207344596820043,0,0,0.000110494791934762,8.35395976329003e-05,0.000143387069448048,0,0,4.48275757051927e-05,0,4.79865235342536e-05,1.40410525138023e-05,0,0,0,0.000334547923874025,0,3.5963263994084e-06,7.10670067653e-05,0,3.06197659852747e-05,0,5.7280125612419e-05,0,7.26436934131573e-06,0.000131027251732041,7.21905146317299e-05,0,0,1.40397016299546e-06,0,0,0.000105629472608461,0,5.4096519878188e-05,0,0,0.000170310988223866,0.000289119068058224,0,1.89528832839749e-05,0.000102812931085313,0,8.37130750586637e-06,0,4.09622182225379e-05,0,0,5.48205423211892e-05,0,9.28501798080379e-06,0,2.78683233837512e-05,6.60252859481981e-05,0,0,4.23455745820087e-05,0,0,3.36389913849701e-05,8.40484020492225e-06,1.35856336591591e-05,4.57899863978309e-05,0,0,3.59493789601047e-05,4.83612997531256e-06,6.46218373289666e-06,8.5161940734852e-07,0,3.75910961304044e-05,0,0,0,0,0,0,8.22390726830301e-06,0,0,8.95521593418421e-05,0,0,5.8814986160383e-05,2.33870483655053e-06,0,6.11133012798657e-05,0,0,0,1.736299559396e-05,1.35578635912005e-05,0,0,0,0,2.74955136413664e-05,2.95156492869883e-05,8.86240508390592e-05,8.95664889705054e-05,0,4.31177500492533e-05,6.28862080815558e-06,3.64271472475201e-05,3.66332168835846e-05,0,0,4.8451586673582e-05,4.36887806215492e-06,0,6.0152771564737e-05,0,0.000181146342067598,0.000167235247999908,0.000231657770112049,0.000445646834485455,0.000537441614912703,0.000683514737344126,0.000884761889070162,0.00116752616011149,0.00148380791139067,0.00186093312917608,0.00262549405746629,0.0030060944666995,0.00397903692341137,0.0049651051831805,0.00622689225623215,0.0075164340074264,0.00911167906338429,0.0108377717548219,0.0133001132430724,0.016025972840487,0.0200182005461787,0.0247094781534635,0.030802220803697,0.0374498347194402,0.0466075276226458,0.055590922309902,0.0658557414754092,0.0774329357490964,0.0909122428795816,0.102535486902661,0.102216216620115,0.0849058541968301,0.0590519893265812,0.0389924072751932,0.0252975572219138,0.0165868427142725,0.0112618877237478,0.00754346878417671,0.00516527880974247,0.00345160227984721,0.00243936791294125,0.00172277533110262,0.00134267731386241,0.000917614358259428,0.000749056543673198,0.000551153085967248,0.000342952986376289,0.000201057685991442,0.000235879025639298,0.0001041463731416,0.00012506116726738
0,0,0.000148740416747743,0.000153818726450115,0,0,0.000831116872998176,0,0.00024687826139292,0,0,0,0,0.000212431732752942,0.000145283957928694,0.000112338722006701,0,0.000262304709326421,0,0,0,0,0.00010761521560957,0,0,4.83413256853621e-05,0,0,9.34014703816938e-05,0,7.94740664128356e-05,0,7.92991633750408e-05,3.28429176448827e-06,7.29772930739479e-05,6.04418674244537e-05,2.18447647668635e-05,2.40700311305784e-07,0,0,3.13062695271142e-05,9.15260100935685e-06,3.41014699325576e-05,0,5.54977333382187e-05,0,8.38536384792172e-05,0.000127179119832848,0.00015881545637843,2.01974280123191e-05,0,0,0.000128530995384261,3.25001076908049e-06,0,0,0.000122655002898804,1.51217418555141e-06,6.89737625388251e-05,0,0,2.9963388989074e-05,8.95199971808035e-05,0,0,0,0.000103934381179179,0,5.25526160432369e-06,0,0.00011479136231955,0,7.14311502198419e-05,3.48538028565578e-05,0,5.88300110004334e-05,0,8.01093392322545e-05,0,1.1704636219969e-05,3.68392021970112e-05,0,4.2347648441617e-05,1.61896498319926e-05,5.31160536864187e-05,1.34565400049664e-05,0,7.95835057421986e-05,0,7.3252015774027e-06,2.27994854917405e-05,0,0,4.77013054977744e-05,0,0,2.3818670479119e-05,4.56825496493986e-05,6.43982990701132e-05,0,0,0,0,6.06097743407367e-05,1.30904929330101e-05,2.36811217329675e-05,0,9.56657151366887e-07,6.31311265612899e-05,0,0.000111305294914817,2.09129063676411e-05,0.000164785646642814,7.52667738386818e-05,0,0.000139411463503993,0.000220036891628483,0.000232236003722446,0.000293819613191476,0.000374826205007618,0.000392066022650827,0.000500878324623361,0.000739729411096689,0.000807267094764478,0.000902176853985669,0.00118801988920777,0.00155552640208368,0.00196184489849218,0.00246147166694938,0.0033067568103856,0.00394497549668398,0.00492395277428831,0.00620116846540326,0.00774563225034642,0.009647234296085,0.0120475123873396,0.0151560478370702,0.0192206320254575,0.0245599845117381,0.0309356749761753,0.038860881424733,0.048736669016149,0.059552472984193,0.0739219069018552,0.0881698331805466,0.100417630784387,0.104149424464148,0.0938477354826272,0.0757582513748852,0.0548224452023671,0.0366197863360977,0.0240982654781081,0.0156404792794652,0.0104755650886219,0.0069325942298499,0.00472261689025307,0.00320648115089561,0.00230292081388098,0.00162792251734918,0.00126642167506818,0.000889058501497353,0.000640609236032812,0.000536342164289599,0.000344443048727836,0.000347312457993601,0.000175660492879188,0.000154138174355573,0,4.16656515249586e-05,0.000168925101824451,5.93269854892532e-05,0.000183198688877402,1.00929297128382e-05,0.000148990028368825,9.22537316615361e-07,3.74947137965179e-05
0,0,0,9.62003838688337e-05,7.61457192458238e-05,0,0,0,0.000162129626005225,0,3.54553465368047e-05,0,0,0,0.000149459263602833,0,0.000235519508734866,0,0.000227664630417773,0,0.000589758583339859,3.56493820939819e-05,9.87751559719353e-05,0.000137610761396047,0.000193356273245805,0.000246463858405633,0.000172973608790526,0.00013633448587366,2.88195431230508e-05,6.62160957984535e-05,0,1.82300924604247e-05,0,0.000110983554266965,6.94054024333273e-05,0,0,0,0,0,1.81122889550262e-05,0.000126777304375217,0,2.14780882062913e-05,0,6.88768814718325e-05,6.40224839542452e-05,0.000225809225207746,0.000100392402470687,0,2.98414991644685e-05,0,0,0.000195554775849263,0,1.44419867800595e-05,0,1.73028682992508e-05,0,0,2.7106714177229e-05,0,3.03021874215911e-05,0.000131552386536282,0,2.26707955380249e-05,9.68993371580846e-06,0,2.6000552020039e-05,0,2.58601021728987e-05,0,0.000161886044930434,0,1.16274611528841e-05,0,0,0,0,0.000140046359502247,3.09355407443882e-05,6.74577107226811e-05,2.84175439769209e-05,0,0,3.13859158787458e-06,0,1.26711066483644e-05,0,2.76876513193749e-05,0,0,0.000162691000110373,0,2.04313594060669e-05,4.58670287328004e-05,0,3.87677727197394e-05,2.79238962552914e-05,4.65503528566239e-05,0.000106575172728752,0.000189994514186964,5.87773573009723e-05,5.36991543872984e-05,6.45034794943382e-06,0,4.39918478440692e-05,8.72001109997023e-05,9.65186021826043e-05,0.000146311315779873,0.000202875923483052,0.000239401176766089,0.000281110315890929,0.000323438455023376,0.000528539567644052,0.000586838693747115,0.000784464387175938,0.00103516927809677,0.00121721535161578,0.00154808159408876,0.00213706084557431,0.0026732113914981,0.00323990579214292,0.00429772917340376,0.00529589486069873,0.00670654186704528,0.00819059172726556,0.010492124553563,0.0131306891686132,0.0166256150961478,0.020436601024132,0.0261473066937769,0.0332619367022176,0.0426797740903943,0.053842591850415,0.0684388395564516,0.0848752673263303,0.100303082321874,0.110233885930715,0.105845843571729,0.0850942244915088,0.0599310874079053,0.0397156869189553,0.027557004254904,0.0185427182973145,0.0130073250825898,0.0088064637753716,0.00615303656824585,0.00406262506024253,0.00293456506011768,0.00200966932562988,0.00142917979427616,0.00104375011519984,0.000723994082928702,0.000597851407726521,0.000447450247684765,0.000363447417383931,0.000315466942730271,0.000155142006888074,0.000124384128289463,0.000176689628932389,0.000107624027946042,4.06108447107897e-05,8.37678612151574e-05,5.43372921484916e-06,3.69990190051093e-05,9.83460450082272e-05,0,0,7.70758140700354e-05,0.000103444023600605,0,2.78003514238175e-05,0,1.8567023244367e-05,0
0.000280603597208929,0.000383427508663333,0.000212507657210872,0,0,0,9.65981111451762e-05,0,0,0,0,0,0,0.000111703350773868,0,0,0,0.000155602072602692,0,0,0,0,6.50147415430856e-05,0,5.88692981507764e-05,0,9.36328995608505e-05,0.000191286125970193,5.97973309494221e-05,9.59768267489345e-05,0,0,0,5.03882664957238e-05,1.0130622704242e-05,5.10770203788119e-05,0,0,0,0,3.69307571642857e-05,0,0,1.53759445769379e-05,0,0,0.000115532020173004,0,2.63676130101476e-05,4.68486338972356e-06,2.7289305468865e-05,0,5.46833643800247e-05,0,0,0,0,0,0,0.000158774930319672,4.6742157536482e-05,6.25741930878323e-06,2.42132068525311e-05,0,0,0,0,5.09608267579508e-05,0,0,0,3.05798729749497e-05,0,0,9.28280898903779e-07,5.95140831547961e-05,5.18109836422589e-05,0,6.24344299424548e-05,0,0.000152122948900477,0,0,0,0,7.49792749078996e-05,0,4.40533709896854e-05,0,0,4.70717862960188e-06,0,0,5.62310964899301e-05,0,4.34148574088557e-06,5.29397708997235e-05,3.83384504618601e-05,0.000105886295639805,0,0.0002061498813477,8.88056266229967e-05,1.4729160987506e-05,6.27845269732821e-05,0.000147503115345062,6.02484599186732e-05,0.000146680111655664,0.000174035094776179,0,0.000313159657656117,0.000274992327455585,0.000408819260658418,0.000572767563775947,0.000716178609947892,0.00101786507791994,0.00149899212504078,0.00162964172093864,0.00228746577185451,0.00258297936757238,0.0035740675359731,0.00478094503883152,0.00608418812775992,0.00784915475612622,0.00995018489988921,0.0123288047740595,0.0157453382945037,0.0198988053898178,0.0258985036638606,0.0326590840793505,0.0407232108174176,0.0506342854682921,0.0634447493266926,0.0785569495459581,0.0958729003075,0.112644753419754,0.114831963944826,0.0952180534596809,0.06554542799509,0.042568194603182,0.0287409538621602,0.0196710975946296,0.0135215329813669,0.00906439806185317,0.00633429110624301,0.00398640534070807,0.00290448766782918,0.00188260887906763,0.00143548672898434,0.00108964186091336,0.000805430610285194,0.000663947027451472,0.000307697110224136,0.000310844606581403,6.50197724649853e-05,0.000139140965063666,8.77335578411957e-05,0.000157865505040381,0,0,0.000187462900993387,2.95788573503894e-05,3.01514865293547e-06,6.58334723947053e-05,3.03256391271698e-05,3.34699653144719e-05,3.90946738317947e-05,0,0,0,0,0.000147924816867037,0,0,1.14061336976576e-05,0,9.71636419000913e-05
0,4.14405286255309e-05,8.63869624785766e-05,7.47799377588514e-05,0,1.05227540900634e-05,9.84311556898275e-05,8.05528597873508e-05,0,2.22718672334627e-05,0,3.07977591352084e-05,0,3.51922101881421e-05,4.04379121875602e-05,0,3.687594467956e-05,2.24565288677574e-05,0,8.92099102340264e-05,0,2.85372736032296e-05,0,0,0,4.70237506122169e-05,3.22211492465885e-05,1.28022469477607e-06,1.61383658393693e-05,5.92068332582412e-05,3.09794083882882e-05,4.73500741383323e-05,2.91212756852988e-05,5.70006505628523e-05,2.68289602137577e-05,7.16071005923843e-05,8.53721365663015e-05,6.96844549465634e-05,0.000120709527534055,0.000130794926524907,0.000139533631163274,0.000144719725336175,0.000179727007307614,0.000174114914446099,0.000187000974903059,0.000203658376691571,0.00021458145758432,0.000219985296268398,0.000268750523121691,0.000223568963584442,0.000249838393981221,0.00022101971598769,0.00022865018423788,0.000201838791804836,0.000179681181791611,0.000150596561187466,0.000158891939280673,0.000164296764319662,9.61843458353994e-05,0.000109034151084818,0.000105796241152461,0.000119672975155496,0.00011067006069217,9.36454682943345e-05,9.45875705255997e-05,0.000103725988827113,0.000119050291965969,0.000119247189732809,0.000115214890881678,0.000107151172901366,0.00011256538164113,0.000148039556042631,0.000172943791267782,0.000182533666877911,0.000205905586419612,0.000259081152637379,0.000297366012003543,0.000364868409962678,0.000398513775726112,0.000513785342027815,0.000564190477224586,0.000645757229885783,0.000763836442112694,0.000891853313359725,0.00097669396457841,0.00112000013669408,0.00123115487086295,0.00136880576376694,0.00144794315094044,0.00166518435452979,0.00182403654637337,0.00207177291140616,0.00220212344505627,0.00240432273625198,0.00263116090654352,0.00286919180583391,0.003126465156527,0.0034016848349532,0.00365942470486098,0.00398755299388117,0.00437428675956275,0.00477117731500415,0.00512816581555711,0.00564200074191288,0.00603529510066505,0.00662407167366861,0.0071482126759329,0.00768653852814786,0.00823183551034232,0.00891015178267733,0.00958477588865608,0.0102383613109644,0.0109612101746216,0.0115896355492257,0.0123268478730472,0.0129469318840926,0.0135980967381326,0.0141626303069168,0.0148364759922631,0.0152668386349024,0.0159010621768891,0.0164211084733604,0.0167611876517489,0.0171853495875691,0.0175685831262284,0.0179366347967297,0.0180489939502197,0.0182770472031287,0.018570719715864,0.0185631247830488,0.0185849418873518,0.0186486897386711,0.0186693685360903,0.0185664783897464,0.0184290071733857,0.0183563288113852,0.0182569468895358,0.0180755882112811,0.0177073019482604,0.017600074506132,0.0173884453954042,0.0171005390601625,0.0167907649699603,0.0165206023598213,0.0160960405503886,0.0157649212067462,0.0154368462342077,0.0151601363601186,0.0146467013073754,0.0143943277413486,0.0139510065278372,0.0135330346355399,0.0132505425890128,0.0127534836936172,0.0123688026124803,0.0118498439722352,0.011584725101263,0.0112799014463847,0.0109661072934638,0.0105338945689102,0.0101995469123022,0.00972277227236135,0.00936765251449124,0.00910812121079905,0.00875632573556161,0.00841901634839632,0.00804877070467392,0.00778614437922027,0.0074114787991667,0.00717984267868888,0.00685776047869106,0.00650399229363151,0.00628587456708336,0.00601768466676652,0.00572908521726302,0.00555153333580022
0.000138721700385008,0,1.06152288254306e-05,2.62207518333163e-05,1.68413200826202e-05,1.60261656580247e-07,0,4.28241696273524e-06,2.88232933082342e-05,3.21555658518171e-05,4.9905724821401e-05,0,4.57823488049437e-05,0,9.51082142617057e-05,5.69926995356304e-05,5.30948927375079e-06,4.40159660571597e-05,3.92906424694888e-06,0,0,4.6945231362219e-05,3.1044915751203e-05,0,8.69999968824931e-06,4.29629386386838e-05,1.49340591048399e-05,3.65755214483293e-05,1.71710026778332e-06,0,3.3178947030169e-05,2.72909752428522e-06,0,4.16438567213875e-05,3.53522625067698e-06,1.89386158031717e-05,2.62832374362654e-06,1.76490922418884e-05,8.03079147738681e-06,4.73980688917021e-05,0,3.37100893025884e-05,2.85631270448534e-05,1.19909666996437e-05,3.49796631706658e-05,0.000108685547755021,8.46264814009443e-05,0.000167111139131744,0.000221316154665199,0.000195744954296576,0.000231336525237707,0.000200290349814246,0.000239490588828179,0.000189562014137907,0.000157165382169509,0.000108977557361301,0.000176602886776348,8.88168544047174e-05,0.000111908844000915,9.15194079979983e-05,7.30007903614846e-05,8.33353466309585e-05,7.56772130790831e-05,3.8510202268754e-05,7.34973355888581e-05,7.66533126056957e-05,5.77381911548752e-05,5.57047871830495e-05,5.38418197972331e-05,4.79803597167465e-05,4.29562008568375e-05,3.66454479060131e-05,2.44985162039779e-05,4.46204622675934e-05,4.60014145990616e-05,3.16268843345069e-05,4.27221361744355e-05,4.57723593109888e-05,8.92026949468847e-05,7.43992609257533e-05,0.000105957419885427,0.000128734169175326,0.000149708796178951,0.000198909426777481,0.000255623533681116,0.000333408295627039,0.000394619578966086,0.000556416863913231,0.000678221898237754,0.000857983574322493,0.00105956541044317,0.00134157966382835,0.00169172607429695,0.0020163409787204,0.00241514764968345,0.00292983655178103,0.00341300874692464,0.00408398342841904,0.00475744230078548,0.00550658989904956,0.00622801006028066,0.00710659044781342,0.00804584309613752,0.00905649572574051,0.00987331116003467,0.0111192940032386,0.012007758423793,0.013050397940344,0.0140955773077041,0.0150069824107101,0.0160430394073443,0.0169194666341566,0.0178065542036379,0.0186223706885366,0.0193265157630077,0.0200940955888272,0.0207024850653799,0.0212071654319653,0.0216190167415299,0.0219233096170636,0.02239496020525,0.0226758729777768,0.0226997217960425,0.0226909480322904,0.0226840256938109,0.0226866006982643,0.0225401974871539,0.0222543661338793,0.0218865066808306,0.0215814726492938,0.0212202337992769,0.0207479855991355,0.0201907417457373,0.0197615919136498,0.0192287798431206,0.0186763344621853,0.0179802395722854,0.0173799471518298,0.0167801586002774,0.0160915221419344,0.0155152279427333,0.0147429580348547,0.0141727131919635,0.0136323489468257,0.0129811071777301,0.0123234586569396,0.0116804281932854,0.0112120615413816,0.0105414676910351,0.0100120918892476,0.00944175916224533,0.00896648188974343,0.00850557366939651,0.00791774321588627,0.00741733987603817,0.00711628406526108,0.00662021048261686,0.00612924296682404,0.00581477311123195,0.00546129735769014,0.00508639545787689,0.00477890360070134,0.00442452557028619,0.00410900696430236,0.00390535311379041,0.00362134389108463,0.00337726042002412,0.00320987048319746,0.00293431864144405,0.00277138384315301,0.00248509080534835,0.00231992375063691,0.00219631445551275,0.00198753578953904,0.00184461952700764,0.00172195557197122
9.54783468139976e-05,0.000111279540385741,0,3.8023635871975e-05,0,0,1.66756355796171e-05,0,6.87523601097525e-05,0,0.000109248220705817,5.40156426935085e-05,1.0577914589399e-05,0,5.63546854678208e-06,7.35810794966093e-06,1.87889390671681e-05,2.85182333203873e-05,2.08208375086994e-05,3.33964813447595e-05,1.4756885032239e-05,0,0,0,0,0,2.92789264124386e-05,8.98943657901698e-06,6.82257760877009e-05,0,5.65762398629628e-05,4.40334073580027e-05,4.607944093878e-05,2.36527848315527e-05,0,7.61311921769535e-06,2.12474961133097e-05,0,0,0,0,3.26062268906315e-05,6.37508136030441e-06,7.85344107094487e-05,2.30845967539882e-05,9.34950643474478e-05,7.24538967470057e-05,0.000168348239596009,0.000199718432034812,0.000283069853338608,0.000354724324486023,0.00037959014912556,0.000456346403837989,0.000373935203024698,0.000355950853891461,0.000334577187747842,0.000320236142930176,0.000250707285084491,0.00030319294921004,0.000245555638981034,0.00024903087982998,0.000208049148864905,0.000195871225553109,0.000175915302745831,0.000156910084918168,0.000135739497318394,8.46711313279486e-05,0.000141604823263371,9.90392443807689e-05,0.000133244812191943,5.02543377903097e-05,7.55812573500689e-05,6.71671543284557e-05,8.96654878346941e-05,6.17111241398812e-05,5.022991850251e-05,2.46202961578314e-05,3.92561977541619e-05,5.57793296503552e-05,6.08083228132687e-05,6.52469346169985e-05,6.66191561269481e-05,0.000104529978005697,9.89643170127343e-05,0.000148314117191611,0.000196672431957645,0.000228884188293036,0.000295211604049972,0.000367180387270068,0.000443103670469766,0.000590297438750747,0.00074346291381207,0.000939671557382015,0.00114534807303934,0.00142133388430923,0.00171221657414005,0.0021125263887934,0.00258553511669405,0.00308578993764301,0.00367725090982429,0.00432921472999069,0.00514347443476884,0.00593119346785727,0.00686096953736463,0.00787796720704127,0.00890675603145585,0.00996573617769612,0.0111032609520142,0.0121823753241568,0.0133782526244897,0.0145832276120822,0.0157003376837192,0.0167224774276727,0.0177110912925422,0.0185672288515935,0.019478566911908,0.0202142218864415,0.0210576111080972,0.0215385308393627,0.0220552892701336,0.0224561729491803,0.0227399442170664,0.0229453823274618,0.0230545901906755,0.0230692150512812,0.0231196563513306,0.0228440100060032,0.022811443535583,0.0225568774687847,0.0221245136103338,0.0217726755254614,0.0213929901032713,0.0210840004113667,0.0205170811573251,0.0199223568600832,0.0191568823067562,0.0187380481138702,0.0181637073552229,0.0175360826866338,0.016936993191272,0.0162581369904394,0.0156550495879775,0.0150152108234762,0.0144076714086534,0.013784053551189,0.0130759231430771,0.0126259092816213,0.0119430685297256,0.0113575354120029,0.0108334200308055,0.0101812959381941,0.00973675137392373,0.00918324380711944,0.00874152849670443,0.00815454402295207,0.00776300956986335,0.00739409579158056,0.00687985274779354,0.00658261414251563,0.00617336068023039,0.00579741717442967,0.00546201146718146,0.00521373386784295,0.00485291162202615,0.00458050188968519,0.00428275575499814,0.00398972875341368,0.00381040614752753,0.00351627949888992,0.00338116314974168,0.00311825846379132,0.00284617595435888,0.00276081084334411,0.002601951912275,0.00233854414892785,0.00227247405948538
0,5.87987717317743e-05,0.000107281243600692,4.62591567898798e-05,7.3829136868581e-05,0,1.47048995481908e-05,8.3798282705477e-07,0.000134618879342915,0,0,5.70952562010992e-05,0,5.33392915496983e-05,4.37451332333554e-05,0,0.000101414854967202,3.41061799521889e-05,4.92878358423197e-05,6.08999920308368e-05,8.83069751611855e-06,0,2.45725268149e-05,0,3.01677821758919e-06,2.80230459736955e-05,3.18384035765942e-05,1.96648505291147e-05,0,3.52406520594531e-06,1.62797303506204e-05,3.75464666174678e-05,1.51955309288937e-05,8.23207440085209e-05,4.84625351899738e-06,4.07048314029538e-05,0,2.76567894394581e-06,1.53197111355369e-06,3.73861668209389e-05,1.22938404576762e-05,2.64997947241819e-05,5.09011497181917e-05,7.62770941082705e-05,0.000106168904821795,0.000122335799686845,0.000103887865132593,0.000124203313170673,0.000103650543577802,0.000119898770082894,9.55228016828533e-05,8.3128388048413e-05,8.28412665047951e-05,3.30138056579245e-05,4.92413725361618e-05,1.05750039924152e-06,3.77668267020283e-05,6.84903611820353e-05,6.1514469949916e-05,1.11806118967342e-05,2.6874504187846e-05,3.39263883677386e-05,3.5296902968105e-05,4.51488478262726e-05,3.00274746696847e-05,4.61806613301051e-05,1.16808640457978e-05,5.55729781506972e-05,2.91384433783719e-05,4.2947944132491e-05,2.86809841845309e-05,1.49115792338108e-05,1.00239508497249e-05,1.93486164292148e-05,1.25255730689983e-05,3.14946140389909e-05,2.14340987083578e-05,1.05535380005817e-05,3.44218857439996e-05,3.63033576836574e-05,1.45700419570086e-05,7.0292308851429e-05,6.58098093546676e-05,6.43229279462399e-05,0.000104697399959331,0.000101277105584374,0.000134675519531212,0.000196985788297547,0.000254245098063177,0.000314941413422795,0.000392005992446503,0.000520760512971218,0.000683434081161801,0.000800085063363695,0.00101417830175914,0.00127573751945426,0.00155462774498607,0.00188821732172891,0.00230577173725376,0.00280855809680395,0.00335935542715633,0.00395203090556632,0.00475419722474444,0.00557976759227267,0.00655041136108622,0.00754916668138123,0.00856579271793456,0.0097907306340465,0.0110118285845209,0.0122753663579687,0.0135278902980418,0.0147644787978044,0.0160005946008555,0.0171144015201267,0.0181870866060785,0.0193511245023539,0.02026345139983,0.0209979831613192,0.0218237203629809,0.0223869412751353,0.0229268804839709,0.0233855242001591,0.0235420646675483,0.0237789524535931,0.0239660597147939,0.0238914042206567,0.0238021312758631,0.0235380773317595,0.0234005309304604,0.0231031490876371,0.0225641663944998,0.0221295467935242,0.0215587265865924,0.02113244313115,0.0205992662658558,0.0201353839578781,0.0193467562286271,0.0187448437003634,0.0181295538551682,0.0174799601315726,0.0168760984245167,0.0161721779459415,0.0153656906227078,0.0149364903504994,0.0142237526879729,0.0135797367855714,0.0130096784545155,0.0124786009187335,0.0117523608136754,0.0111950263658618,0.0106820809198138,0.0101731923237769,0.00961934192878288,0.00901715412419899,0.00863211762767616,0.0080398953819953,0.00769367284661291,0.00724944359955223,0.0067738968050795,0.00654180271980168,0.00607721136675694,0.00575140376816753,0.0054359788138147,0.00508094743618768,0.00479556930926401,0.00451400612285791,0.00418595738574288,0.0039607702335887,0.00369242865225623,0.0035248465458035,0.0032902694125066,0.00298210174295759,0.00285320847204525,0.00269823012825872,0.00243790131229758,0.00236371490013228
0,5.98769522334975e-05,4.16824387887403e-05,0,2.00203714454366e-05,4.13593747609254e-05,0.000410406806813129,0,3.48113975536848e-05,0,0,0,0,0,0.000230293929218962,0.000241086140582923,0.000117852508790247,0.000286544916931578,4.44485379660241e-05,0.000511008710970321,0,0.000114380506908708,9.88088207680302e-05,0,0,0.000102628467636021,0.000201409117845104,9.08918792516212e-05,3.48490883569299e-05,0.000189097491098152,1.86056787497225e-06,0,0,0.000103974567751917,1.69327689361245e-05,0.000154074541230601,8.89435066316979e-05,0,2.61277642321354e-05,0,0,0,0.000191689416625657,4.60018204475834e-05,0.000153132193114684,0.000110354614092525,0.000161284175416547,7.51727853939038e-05,0.000203988635841107,0,3.36482109839725e-05,0,0,0,0,0,0,0.000149387303574869,6.78188648824911e-06,0,0,0,0,7.4921279267902e-05,0,9.25741532399385e-05,9.6674257140772e-05,0,0,0,0.000146224631598224,3.50889672993219e-05,0,0,5.09108329745834e-05,0,6.46468287311269e-05,0,3.58125058659644e-05,0,0,0,4.46110844321928e-05,9.85180631429968e-05,3.74129993950667e-05,2.98126450189585e-05,0,0.000107049840764515,0,2.79211597604548e-05,2.06792191717268e-05,0,6.81594867379047e-05,0,7.21166309046905e-05,0.000108798054149814,0.000211918531132544,0.000230654059771707,0.000267600567196175,0.000305283801066682,0.000441075337401429,0.000656805946027399,0.000749449706299418,0.000965076528655583,0.00141062552249435,0.00174140094819058,0.00231077242434229,0.00324249532334361,0.00404739842377393,0.00537501756051297,0.00719961373864903,0.00949695871679178,0.0123542025280098,0.0162437217463647,0.0213790507693716,0.0283697505503815,0.0375458302134596,0.0491675357810121,0.0636396961331113,0.0820621648044512,0.101831654402201,0.118633090787887,0.119748285962163,0.10022405970727,0.0703506255874251,0.0455772175518959,0.0298735043511548,0.0201025186681614,0.0132927503496857,0.00887660555207677,0.00550636883930021,0.00364695275781843,0.0025778777047306,0.00194988883587993,0.00152405064947733,0.000948171071895723,0.000724207636926147,0.00063171331327569,0.000319365881113892,0.000424113539523674,0.000144884696230685,0.000201606233722945,0.000254968217465087,0.000285948653106329,7.0935730437801e-05,0.000122169705474989,1.00330889333859e-05,2.57813678023117e-05,0.000114604076580131,0.00010077841885065,0,5.9118610150815e-05,0,1.8101495975879e-05,0,6.50273263638867e-05,3.01250963154249e-05,1.87890605046416e-05,3.74312595357693e-05,1.52561134526387e-05,9.05640551016574e-06,0,0.000186011137145469,0,4.17776412317196e-05,8.30615563513656e-05,0,0,8.72180794048826e-05,3.28930683276525e-05,6.16054228170965e-05,0.000231691688365392,7.89158020987756e-05,0.0001817248422373,0.00028329679686062,4.92252815251143e-05
0,0,3.96472976728517e-05,0,6.18976887333789e-06,1.66630533930094e-05,0,3.41930051390263e-05,0,1.70053795871729e-06,5.84257331858178e-06,2.8381575439235e-05,2.44440380075093e-05,8.07669682549013e-06,5.02161941166598e-05,4.27066763551993e-06,0,0,0,4.92017947157003e-05,0,3.99748636177187e-05,2.25853117687894e-05,6.40986904437561e-05,0,0,2.67205655295785e-05,1.11887254692456e-05,4.42439233497929e-05,5.68311190367421e-05,0.000132064008255608,0.000107496004443011,0.000157890234556339,0.00022049595875339,0.000242291876158605,0.000297320976718529,0.000332423487115749,0.000383188600194216,0.000449012718130468,0.000474109199734884,0.000478494566173614,0.000566914799772471,0.000560621658431552,0.000617817878067729,0.000679566442632959,0.000805336447265042,0.000900904242821307,0.000980336194713728,0.00107428442064788,0.00108322730571129,0.000974227683295279,0.000820436030127766,0.000717023998991804,0.000601074378779929,0.000535438441341579,0.000534906869476883,0.000560204719430807,0.000559780172054137,0.000563912534632074,0.000522838970808136,0.000524490495609138,0.000520320598376633,0.000548755128112313,0.00060127371822919,0.000689548124622799,0.000827382477348197,0.000930048380418351,0.00112406298098128,0.00128196975107463,0.00157315345671371,0.00193882316266825,0.00236579964015926,0.00290671915551792,0.00348653928253606,0.00416912574318658,0.00489832923036071,0.00578805676894673,0.00668730086414099,0.00762893375774425,0.00854400327486458,0.00947877848563321,0.0103799855418164,0.0112672084030476,0.0121242615176069,0.0128587994907553,0.0135096605454696,0.0141411405305751,0.0146327024824016,0.0150656748673473,0.0154643537658693,0.0157804614965918,0.0160993538929032,0.0163055307359964,0.0164713476809275,0.0165991481074817,0.0167962811277241,0.0168201866448836,0.0169473834736143,0.0169906396268789,0.0170621329993302,0.0169563055624502,0.0169797190712998,0.016841971961285,0.0168764176152273,0.0167747697128561,0.0166050927852052,0.0165529399043578,0.0163458957064091,0.0162210777632179,0.0161199573749108,0.0158838542531754,0.0154985660962832,0.0153090160907136,0.0151509495447258,0.0149489775973945,0.0146107700707323,0.0142599022065292,0.0139017049401841,0.0136015037873975,0.0133732525096178,0.0130722499412337,0.0126740985567759,0.0123454725115298,0.0120749947473608,0.0117141700551959,0.0113647072044138,0.0109585467362313,0.010731548304354,0.0103650629805002,0.0100534949140802,0.00964598015498282,0.00929587820062298,0.00899859866419199,0.00863348792025548,0.00838747362081383,0.00804321489916515,0.00775309738060583,0.00745008620097726,0.0071716652923415,0.00694234376968148,0.00663401179915534,0.00640814955141633,0.00604609230235145,0.00584799048224108,0.00557497152051278,0.00538344333720247,0.00515149946097328,0.0049240927129213,0.0047323205543563,0.00449873783395266,0.00429624141590744,0.00410052355358721,0.00392542134667606,0.00371726734029227,0.00359020847677832,0.00337109688738592,0.00322188699820104,0.00311641258996407,0.00298388431860946,0.00283639138625854,0.00264639958766022,0.00258698831617946,0.00243610559874098,0.00230845581803012,0.00219655030323544,0.00210227998938708,0.0019894665417319,0.001915930066732,0.00177753218696302,0.00168760473409322,0.00162369944856551,0.00149040577459274,0.00145436084003082,0.00138902162925359,0.00126723537025635,0.00126830155733611
1.29851779557563e-05,0,5.15437422773793e-05,1.7434308354442e-05,8.6516728938071e-06,4.14037720572333e-05,7.52636274177742e-05,6.99825482706133e-05,0,1.77856905600536e-05,9.28454075840831e-06,2.35377782661082e-05,7.5646088226654e-06,6.03029980605231e-05,2.34790764829521e-05,0,1.93941598328399e-05,7.42560380843788e-06,1.39561317184591e-05,0,4.97350605200798e-07,2.99896599317082e-05,3.19383570609487e-05,0,2.89777664744532e-05,5.7178082895499e-05,4.09429276969377e-05,8.26650634697044e-05,0.000101500839008585,0.000147140333708252,0.000187073671563521,0.000281287022663108,0.000393951809227347,0.000583621210999854,0.00083544074680476,0.00105193070029756,0.00143726314787078,0.00191148424015035,0.0024654122503788,0.00309961984930816,0.00371968446096351,0.00453007621726288,0.00534081755733113,0.00624077550421955,0.00712894055587564,0.00814566554371677,0.00898417959661455,0.0097663358962516,0.0100962702283204,0.00984885383143106,0.00912841826379816,0.00775958765422251,0.00624727816646383,0.00476384268144242,0.00388703405048642,0.00327055822942952,0.0028824070859071,0.00266108620804282,0.00239497617273774,0.0020576015664665,0.0018088349275288,0.00162786329116899,0.00147100222507024,0.00136805425070857,0.00139875134290414,0.0013973893807063,0.00150616792736122,0.00163503804336431,0.00174808353271501,0.002028650776543,0.00227383428288544,0.00262838497028669,0.00308877264889569,0.00361166711780997,0.00418132498313729,0.00482247778098945,0.00543195182309158,0.00615793425457176,0.00679784027100543,0.00752163628839353,0.0081799348566443,0.00878965138459768,0.00938900972527194,0.0100213461417158,0.0105127901957233,0.0109767989963776,0.0114046834673424,0.0118006810488681,0.0121292231080076,0.0124279212210049,0.0126923318346358,0.0130200575247428,0.0131336378974671,0.0132695956728306,0.0135259274661841,0.0135121583112641,0.0135951288866993,0.0137696702024271,0.0137649983083597,0.0138337268814649,0.0138530449209476,0.0138074393944743,0.0138544654838928,0.0138787423590335,0.013734267268145,0.0137068481805152,0.0136015668860499,0.0135693708271505,0.013464717975183,0.0133390072477501,0.0132248934061532,0.0131111291483251,0.0129887889742245,0.0127799157033909,0.0126346484920549,0.0125027301268301,0.0123159897520691,0.0120815887832455,0.011815102894871,0.0115541153731735,0.0114438065387257,0.0112226836909733,0.0109730546106913,0.0107084580912411,0.0104902935708739,0.010180724008879,0.00997282068145039,0.00969057119202938,0.00944916238210469,0.00918042541674443,0.00899089443397868,0.00868413568714284,0.00846416262646841,0.00811008074504623,0.00791675485870846,0.00765647458741045,0.00739883337046018,0.00714846268761648,0.00686957768938152,0.00668592698850851,0.00639989471980804,0.00619619448046773,0.00597899384135923,0.00579964928506129,0.00555630665047291,0.00532785870929739,0.00511007004199962,0.00495441231193769,0.00471115454739724,0.00454963068045055,0.00434083823823405,0.00414302838436363,0.00394228647240854,0.00381747294262527,0.00366670736461225,0.00349229941610263,0.00335598801553938,0.00319454093577892,0.00301697258834136,0.0029539889091953,0.00280445596759279,0.00267497054374216,0.00253059648862493,0.0024128797114215,0.0023362279131268,0.00226074408834894,0.0021772420647565,0.0020270079349008,0.00191987445267505,0.00182775731093088,0.00173139848543377,0.00163933206364682,0.00155268903999455,0.00148580558214581,0.00140164965504117,0.00137922254280239
4.19858981280552e-06,4.50585133633753e-05,2.02079714323122e-05,4.66983972123645e-05,4.9866030473459e-05,0,0.000120955240369779,6.9486411604735e-06,0,4.04261103054116e-05,2.62777141411362e-05,0,0.000116858420056019,0,5.87599078682915e-05,0,3.44965905029845e-05,0,6.23604985539887e-05,6.24097265226925e-05,9.94434226638496e-05,1.3947241760211e-05,5.37181738848208e-05,5.71203897545824e-05,4.50113335122402e-05,1.71830480775194e-05,4.36717914752831e-05,7.33811997497584e-05,8.21668195016762e-05,9.42015583350987e-05,0.000142745382623878,0.00017476667675103,0.000267096109334265,0.000345776154969417,0.000457297838965023,0.000570345443696333,0.000656851492855431,0.000792930911116839,0.000912662401239346,0.00102603009748782,0.00104374631445669,0.00108591266637195,0.00112400619020783,0.00114218835392358,0.00114753174636609,0.00115635620720476,0.0011667906347465,0.00113003423909473,0.00105767790274691,0.000884432026437664,0.000749496920720688,0.000640433416689805,0.000604680452352562,0.000520572090542856,0.000556490367226712,0.000617733471352887,0.000717294880218102,0.000773896584198422,0.000842872063616834,0.000894805010452347,0.00108886853890586,0.00122243140585184,0.00143242343722501,0.00175367360375094,0.00216270316338723,0.00269258555751486,0.00332770315820227,0.00413409385909798,0.00509921294009397,0.00630874851996888,0.00754446050531233,0.00899639299384935,0.0104138000719433,0.0118643135075935,0.0131516651200778,0.0143641653501333,0.0154130429305701,0.0163431735802584,0.0169783899294714,0.0176008348027028,0.0178939423708942,0.0181170262623545,0.0183589820942688,0.018420747468375,0.0184293568768689,0.0185571813572699,0.0184317341561897,0.0183974867045595,0.0183135870313006,0.01832025804281,0.0181225634944955,0.018225912969951,0.0181562550284999,0.0181704967603076,0.018076071225687,0.0181219636886361,0.0179797146087873,0.0178528410401147,0.0178825753183882,0.0177136787660301,0.0175102129149953,0.0173668666293062,0.0170244433159438,0.0168432653728793,0.0164913256275282,0.016249479516198,0.0159814613882225,0.0156622842092643,0.0151608099372845,0.0147472584266448,0.0143272114574303,0.0138275512324399,0.013518834082493,0.0129907196527094,0.0125764366715096,0.0120979964074715,0.0115378216230329,0.0110697243527166,0.0105759744098529,0.0101148846275036,0.00964967666590018,0.00926619590999176,0.00873580660676589,0.00837388228826757,0.00786520303126945,0.00747579004911753,0.00705352087234101,0.00668600885023306,0.00631175413250088,0.00597941048345844,0.00559629107400677,0.00533776085066813,0.00501043655261002,0.00469790039486816,0.00448380773953431,0.00417146103266755,0.00389658683113103,0.00369313122068411,0.00347202083679537,0.00323723268490082,0.00306814009843258,0.00285258596491938,0.00259136831874244,0.00250792142576035,0.00232281987461083,0.002247057079864,0.00205492170780727,0.00191135378653841,0.00181006486365108,0.001722361543479,0.00159028575618197,0.00146876728348081,0.00138509802344842,0.00123209486342309,0.00119744217710255,0.00109152450851007,0.00111063198248451,0.00100744562496394,0.000927721185662889,0.000882377325633966,0.000817640718112113,0.000786918223111713,0.000730602524120444,0.000652209726974297,0.000624571185002901,0.000598476704237103,0.000574223261724359,0.000534259294518904,0.00050568534799508,0.000470804808595029,0.000456385768323466,0.000389515826912689,0.000368079277527408,0.000358969762611418,0.000312422340922686,0.00033526989701866
9.95151225775188e-05,0,0,0,0.000118501804755329,0,0,0.000101485453274539,4.5766279240426e-06,0.000115938946848709,0,0,3.33959924660529e-05,8.69635768691542e-05,0,9.79458512958422e-05,0,8.52446445226085e-05,0.000194636612084546,0.000115229017746051,0,6.99819024481329e-05,0,0,0,0,0,0,0,5.36290648874959e-05,6.47747017441467e-05,0,0,1.33260964831913e-05,2.1195929137044e-05,2.12907227444114e-05,0,2.15650187005019e-05,2.98880296878971e-05,0,3.99398925621773e-05,5.82031302636175e-05,7.86642901157372e-05,0,4.96080345509991e-07,7.43866536700882e-05,0,0,5.79588615827623e-05,8.77617898808319e-05,2.07483718763604e-05,0.000146629033370165,2.75395578468598e-05,1.86880420164705e-05,2.33654772692112e-07,2.03583066182266e-06,0.000119681196770253,0.000117790036404567,0.000117786233914103,0.000190699236538244,0.00017723691170106,0.000292264790101022,0.000382835566483143,0.000461312563277849,0.000618364512328111,0.000799682963561738,0.00109126599192152,0.00127693085508048,0.00160330522458072,0.0021882733311286,0.00278674399864916,0.00351473699757917,0.00459480961485616,0.00577792145740759,0.00737541383134948,0.00937023959329457,0.0118955623725852,0.0150514062675468,0.0192168981765183,0.0235459922376774,0.0285689581455702,0.0342141685526634,0.0395867982575164,0.0447267734099949,0.0490069930692739,0.0519062887190687,0.0529965081994844,0.0526798682055705,0.0513090083963888,0.0483878897578476,0.0451240716662927,0.0413880007917512,0.0376961132031376,0.0343250194159551,0.0308581607330802,0.0281276419290167,0.0253375852172084,0.0228852475225351,0.0202314728955633,0.0181225124891601,0.0157819514815433,0.0138391268432561,0.0122816040171688,0.0107016981616202,0.00939460859739478,0.00830733191394637,0.00735076584017723,0.00626887670707561,0.00555539930217543,0.00482296524237268,0.00431761425978725,0.00390602979882993,0.00325595272269418,0.00294121810715375,0.0023919028951562,0.00221580832185376,0.00188780218796771,0.00169375118008024,0.00142462805761952,0.00124332613895313,0.00113813933319523,0.000991922622051838,0.00083193242249024,0.000783486627415662,0.000636393896866053,0.000599088572220865,0.000457978357781303,0.000499962812267373,0.000494754846932152,0.000396357966536507,0.000340415065536326,0.000316100412250898,0.000256556924764642,0.000307772131507698,0.000245547681587657,0.000161700286984674,0.000185152064254837,0.000183315998669452,0.000109488021777556,0.000163159720022802,9.25317455129456e-05,0.000108456079596634,0.000145853242652796,7.89002305158491e-05,6.93277914255925e-05,0.00010240567663239,0,6.21714630420618e-05,6.72923224136781e-05,6.1975159471889e-05,1.94486227719861e-05,2.47861414371798e-05,0,0,0,7.9996195063378e-05,6.40415237188185e-05,2.40789815395332e-05,9.67270911051964e-07,1.2246871159985e-05,2.16618788787733e-05,2.22289046034183e-05,0,4.6181659992134e-06,0,0,6.15264862629172e-05,4.74733081385645e-05,0,0,1.68861781795465e-06,0,7.14720860613127e-05,7.09879504956279e-06,1.57213554894957e-05,0
9.95151225775188e-05,0,0,0,0.000118501804755329,0,0,0.000101485453274539,4.5766279240426e-06,0.000115938946848709,0,0,3.33959924660529e-05,8.69635768691542e-05,0,9.79458512958422e-05,0,8.52446445226085e-05,0.000194636612084546,0.000115229017746051,0,6.99819024481329e-05,0,0,0,0,0,0,0,5.36290648874959e-05,6.47747017441467e-05,0,0,1.33260964831913e-05,2.1195929137044e-05,2.12907227444114e-05,0,2.15650187005019e-05,2.98880296878971e-05,0,3.99398925621773e-05,5.82031302636175e-05,7.86642901157372e-05,0,4.96080345509991e-07,7.43866536700882e-05,0,0,5.79588615827623e-05,8.77617898808319e-05,2.07483718763604e-05,0.000146629033370165,2.75395578468598e-05,1.86880420164705e-05,2.33654772692112e-07,2.03583066182266e-06,0.000119681196770253,0.000117790036404567,0.000117786233914103,0.000190699236538244,0.00017723691170106,0.000292264790101022,0.000382835566483143,0.000461312563277849,0.000618364512328111,0.000799682963561738,0.00109126599192152,0.00127693085508048,0.00160330522458072,0.0021882733311286,0.00278674399864916,0.00351473699757917,0.00459480961485616,0.00577792145740759,0.00737541383134948,0.00937023959329457,0.0118955623725852,0.0150514062675468,0.0192168981765183,0.0235459922376774,0.0285689581455702,0.0342141685526634,0.0395867982575164,0.0447267734099949,0.0490069930692739,0.0519062887190687,0.0529965081994844,0.0526798682055705,0.0513090083963888,0.0483878897578476,0.0451240716662927,0.0413880007917512,0.0376961132031376,0.0343250194159551,0.0308581607330802,0.0281276419290167,0.0253375852172084,0.0228852475225351,0.0202314728955633,0.0181225124891601,0.0157819514815433,0.0138391268432561,0.0122816040171688,0.0107016981616202,0.00939460859739478,0.00830733191394637,0.00735076584017723,0.00626887670707561,0.00555539930217543,0.00482296524237268,0.00431761425978725,0.00390602979882993,0.00325595272269418,0.00294121810715375,0.0023919028951562,0.00221580832185376,0.00188780218796771,0.00169375118008024,0.00142462805761952,0.00124332613895313,0.00113813933319523,0.000991922622051838,0.00083193242249024,0.000783486627415662,0.000636393896866053,0.000599088572220865,0.000457978357781303,0.000499962812267373,0.000494754846932152,0.000396357966536507,0.000340415065536326,0.000316100412250898,0.000256556924764642,0.000307772131507698,0.000245547681587657,0.000161700286984674,0.000185152064254837,0.000183315998669452,0.000109488021777556,0.000163159720022802,9.25317455129456e-05,0.000108456079596634,0.000145853242652796,7.89002305158491e-05,6.93277914255925e-05,0.00010240567663239,0,6.21714630420618e-05,6.72923224136781e-05,6.1975159471889e-05,1.94486227719861e-05,2.47861414371798e-05,0,0,0,7.9996195063378e-05,6.40415237188185e-05,2.40789815395332e-05,9.67270911051964e-07,1.2246871159985e-05,2.16618788787733e-05,2.22289046034183e-05,0,4.6181659992134e-06,0,0,6.15264862629172e-05,4.74733081385645e-05,0,0,1.68861781795465e-06,0,7.14720860613127e-05,7.09879504956279e-06,1.57213554894957e-05,0
0,2.79129822504301e-06,8.32937240857153e-06,4.25976398272868e-05,0,0,0,0.000109247902276356,0,0,0.000132366982169111,1.6436387228093e-05,0.000117759677394696,0,2.07701155584293e-05,1.65936693078477e-07,7.34088830474926e-05,0,0.000170749255360233,6.92497499273083e-05,0,0,0,0,0,0,1.88621773586354e-05,0,0,0,0,8.6647728326798e-05,0,4.81383880794336e-05,4.83761654802243e-05,0,0,0,2.65611136920027e-06,4.05288671354131e-05,0,0,5.85101828686764e-06,3.93891088227903e-05,1.08319883353307e-05,2.61262359634181e-06,0,0,2.83167666117958e-05,3.85771093440271e-05,0,0.000124610524082327,0,0.000146339224924801,1.11913870613821e-05,0.000237883582785465,3.03495272116929e-05,9.85090183739408e-05,4.9849870070152e-05,0.00018300380916301,3.41760022920088e-05,0.000179084639543509,0.000180576516088791,0.000193031761669185,0.00030562340132463,0.000412224268450089,0.00057344972107307,0.000747941677042745,0.000907548634995428,0.00126651189775585,0.00162870668460713,0.00217107240746092,0.00274272776993486,0.00354159698621968,0.00450100596147376,0.00594382798667224,0.00754097695302093,0.00971854715203687,0.0127322283405037,0.0162225768992471,0.021115011853945,0.0269258410365417,0.0331788674786125,0.0400513409401788,0.0471899330261401,0.0527550406770874,0.0568501327816753,0.059125667582117,0.0586520841741885,0.0560503520398103,0.0520749098668303,0.0475671914075621,0.042397065162164,0.0383601779672098,0.0342343047953877,0.0304565485126727,0.0277543338582427,0.0250007458563427,0.0224808753554333,0.0201018521475878,0.0176731244453151,0.0154312028825931,0.0133311435878852,0.0112544775139002,0.00990598569905649,0.00860387238380383,0.0073873878205844,0.00645383533218202,0.00559550810257519,0.00507682662499257,0.0043907640669026,0.00392723281472912,0.00336179612569894,0.00287422363033437,0.00246235655499169,0.00213480657174683,0.0019309683717848,0.00155286951302922,0.00142750019757801,0.00122938996970891,0.0010963263633866,0.00100820799491348,0.000789851944603881,0.000761792376548169,0.000614671757543098,0.000563309340572431,0.000464232170451469,0.000419560390276323,0.000398749695238642,0.000380729595751038,0.000361442924638307,0.000314680491253615,0.000253638726634606,0.000262469594262231,0.000200611555558419,0.000182512327062213,0.000246826878407554,0.000147944720108238,0.000117921722049216,0.000184015114588208,0.000108653146474395,0.000102966261348195,3.01959536942556e-05,8.69956500284146e-05,6.86522615004815e-05,4.23485025145555e-05,3.40565085103933e-05,5.6145740166363e-05,5.42774445458669e-05,4.5636533383887e-05,2.53046722976259e-05,1.91152379399235e-05,3.26037280194352e-06,0.000104340322724279,4.92404752064115e-05,2.20741241442137e-05,3.59584349354832e-05,0,1.12637040265709e-05,3.14203648214597e-05,0,2.87073172613132e-05,5.80000018063002e-05,0,0,1.59266941344428e-05,0,6.59737621261338e-06,3.23247270206745e-05,2.93904344401733e-05,1.33254109312925e-05,9.87945386348804e-06,0,3.83474907803346e-05,0,2.66030790024361e-05
0,0,0,3.03568599931625e-05,0,0,0,0,0.000121032445291605,3.25090510689575e-05,0.000204786969038887,4.40482128776994e-05,4.93494271564499e-05,3.85054978285862e-05,0,0,0,0,0,8.60116559473023e-05,0,3.34516856548124e-07,0,0,0,0,8.84177623067452e-05,3.69340454473933e-05,2.28721321702805e-05,0,0,4.04931225899578e-05,0,0,5.29815505846561e-06,0,2.55270024811496e-05,5.06832669375777e-05,0,1.43595655423824e-05,0,7.39214397491745e-05,2.44631043505817e-05,0,0,3.43941228716168e-06,6.738937285992e-05,0,6.95615376836397e-05,0.000108168443730444,5.55765588624662e-05,8.16488130829129e-06,0.000175720350003566,0.000243438539701852,0.000452594864783799,0.000586167922447092,0.000813305554887565,0.00103806410079163,0.00143143897403815,0.0018107805130461,0.00260479975641231,0.00351428818390284,0.00450865319793044,0.0059182945366469,0.00780416173658025,0.0100707064666253,0.0126241172433226,0.0157391732326631,0.0189965027021571,0.0227316054062251,0.0259819973535892,0.0296419892917457,0.0336111401108242,0.0379955554124485,0.0426131425104985,0.0475800925650857,0.0519149287611893,0.0556747302282544,0.0577826711628959,0.0577466907849643,0.0549281423203998,0.0508748530750336,0.0449287551602231,0.0389520058318482,0.0338638909170733,0.0295799364622246,0.0258370692597045,0.0230416129740648,0.0203065516179208,0.0178321516195756,0.0156847842433783,0.0135266819645167,0.011354069113052,0.00979151610235249,0.00819896496964625,0.00699188348760126,0.00591551163303288,0.00517276650059424,0.00440950288165111,0.00389347952506325,0.00324790707101653,0.00278282071901775,0.00248728424997096,0.00197595038202629,0.00177479974037639,0.00149722799968787,0.00128854911033942,0.00114541214058928,0.000990144868986827,0.000875884965035776,0.000796698528228644,0.000605488970921359,0.000514959142666814,0.000452491048663163,0.000412802303639087,0.000373953166556432,0.000338824238709284,0.000238522866126621,0.000260511554689333,0.000246797563574688,0.000212223834866989,0.00015913785631764,0.00012388650044838,0.000143257858293655,7.31976479666688e-05,0.000162375557435048,1.93832394621235e-06,7.23427636607282e-05,9.73005735367382e-05,5.64876538740289e-05,8.92172253832661e-05,1.06639484905854e-05,4.47754980924014e-05,8.75426674100191e-05,1.76503194606023e-05,1.15186354274754e-05,0,6.05328707252239e-05,4.05400372132948e-05,4.82461933740895e-05,4.04513395619374e-05,8.06840731633863e-06,8.43917297272723e-05,2.56032856192218e-05,0,3.57164560370923e-05,4.1122650913878e-05,4.31543481842575e-05,2.01513405964978e-05,2.54787654851733e-06,1.27449288129096e-05,1.64162694714779e-05,7.33511813511614e-05,0,0,4.83275883705733e-05,0,0,0,1.32366540656732e-05,0,1.06449418510088e-05,7.50860158324738e-05,3.96163697932064e-05,0,0,1.1572201387819e-06,2.24854072524572e-05,0,0,0,1.49767583006377e-05,0,5.79966586875994e-05,1.4883363265875e-05,0
9.07136053774492e-05,8.33342605123004e-05,0,9.26634309645555e-05,0,0,0.000240969994871694,8.87518729498208e-05,0,0,2.30571139611461e-06,0,5.33928473527546e-05,0,0.0002196526741216,0.00013168386365656,1.10670328243027e-05,0,0.000108725437022264,0,8.59949566592216e-05,0.000129797004874737,7.06962756209254e-06,0,0,9.39388573952479e-05,0.000129284903463457,6.67125256812238e-05,1.72434649902266e-05,0,6.33033076139182e-05,7.79012013627515e-05,1.28617476781222e-06,5.89911005059424e-05,0,2.67740863118543e-05,0,0,0,0,0.000122644426323675,2.50621829975213e-05,0,5.46591559325967e-05,0,3.00520073269171e-05,0.000122961834802095,0.000120791893568582,9.91380704876976e-05,0.000154504342570936,0.000226611203352803,5.16576667015452e-05,0.000307492869255234,0.000444713950098703,0.000702674255513489,0.000862837350859724,0.00126017172987579,0.00163503554091247,0.00229416497887325,0.00290139346441804,0.00393568063001937,0.00506705038072027,0.00680446758710877,0.00887039345081155,0.0119162801793735,0.0158419333188343,0.0209135286800313,0.026954887930772,0.0347985352149795,0.0433910154991887,0.0521037870533204,0.0597320814273295,0.0650454178317737,0.0668342865341657,0.0647853338179926,0.0605956920792102,0.0542043575321889,0.0481571414031374,0.0422818128529371,0.0371026483054745,0.033315232511786,0.0298342837754977,0.0268990437760354,0.0237406416952937,0.0206541848212017,0.0176863780038791,0.014724567514351,0.012712214924179,0.0107675060604321,0.00916901701110387,0.00802123405618429,0.00698477040595059,0.00595385255441049,0.00524059526304959,0.00451897314804989,0.00377136623081546,0.00334998636280608,0.00278046716300104,0.00246228527629087,0.00197485140596932,0.00174384260951705,0.00144067406874798,0.00132150804888924,0.00109576937022839,0.00099241348920622,0.000882341077441298,0.000747126031053706,0.000602458884130632,0.000535506183531131,0.000474508190418643,0.000452300216543734,0.0003216756326183,0.000340091116883694,0.00023611414931538,0.000319795317235322,0.000205947364336584,0.000246277227679511,0.000185626141974665,0.000198590009582309,8.35194065189762e-05,0.000163725493307824,0.00011119068935449,0.000148639955441756,0.000108937614774989,0,8.46760863509489e-05,0.00011237858441702,0,0.000127919585750265,4.94695970351649e-05,4.75471250006091e-05,9.64208436655052e-05,6.23930242925678e-05,1.00556593542321e-05,0,2.44888310822942e-05,9.57035369756785e-05,0,1.20459681991134e-05,4.20945429233574e-05,4.87809311238911e-05,4.42216838922918e-05,5.29769660851521e-05,7.09987737314849e-06,9.64909974826349e-06,4.12375722122724e-05,0,1.48723946938411e-05,3.30661542803253e-05,1.97857363449287e-05,1.6604464548878e-05,2.55791115063107e-05,0,1.83483339756035e-05,0,8.71395151130053e-05,0,0,2.19392654469119e-05,3.15737229993983e-05,0,0,0,0,7.11826325121583e-07,3.78793068408943e-05,1.86789365205483e-05,0,9.68489535801303e-06,6.31758722396825e-06,2.99935458126423e-05,1.49935012068984e-05,1.21898157048794e-06,0,0,0
0,0,6.98163013983455e-05,0.000125701674430183,0,0.000119782861252051,3.59432403543355e-05,0.000131949288414476,0,0,0,1.51061993899232e-05,4.67137341760252e-06,0,0,5.63536077051758e-05,5.54154440227294e-05,0,0,0,0.000285375080046267,0,0.000237423085422912,0,0,5.85816592425271e-05,0,3.45737187182476e-05,8.06105159208131e-06,9.10978563353182e-05,1.62930317632974e-05,5.41183801575051e-05,0,0.000150567646521676,7.07852621250791e-05,0.000154375317330577,0,0,2.29093132777475e-05,7.03175257857908e-05,7.24442161773812e-05,1.1687528140418e-05,0.000115390744269362,0.00010689544438615,0.00017710812068783,0.000271415048971242,0.000328876951603519,0.000562234727513704,0.000840537550389812,0.00108655161583353,0.0014749053343001,0.00192563951247202,0.00296318196782862,0.00388771322400439,0.00545769969836792,0.00723380311580167,0.0102171835593431,0.0139236327560166,0.0196981283932818,0.027155079516645,0.0372587525460892,0.0499986425998414,0.063406300280534,0.0754001144947357,0.0823262900214912,0.0826967615209091,0.0769154586405216,0.0662388509538435,0.0551208787658007,0.0457992911943568,0.0387129810039885,0.033694039519904,0.0299318167763594,0.0262739850495995,0.0229512331380298,0.0190703072237858,0.0156994262096713,0.012853829150934,0.010509825246839,0.00850379448542814,0.00742542651136298,0.00621518539432618,0.00526820817587231,0.00458518156032221,0.00376372472237114,0.00312315218120485,0.0025808939714181,0.0021546469317929,0.00183062016583079,0.00160832430949471,0.0012584399863485,0.00110642318440956,0.000958710393993266,0.000740942500501891,0.000682014598761455,0.000555234330113548,0.000508344983018318,0.000395194349970316,0.000449636547593483,0.000321196328225174,0.000225594329412737,0.000305284621676902,0.00025842926096388,0.000176942574116435,0.000191176987919366,0.000194316791434516,0.000179751384155604,6.11958200017841e-05,0.000133004161931422,0.00010879688778716,0.000173005735121786,0.000148624143726849,8.44690168028091e-05,0.00011619684942857,5.96705191416801e-05,0.000135198825087426,6.75140977543607e-05,0.000121882342604514,0,0,4.43957831760619e-05,6.88293009790035e-05,0.000183206234457136,5.08621658082854e-05,0,7.04393186276e-05,3.75646200192709e-05,3.14706922559842e-05,6.45780131988325e-05,9.1794826337586e-05,9.79796502315846e-05,0,2.98956576576946e-05,5.26552713868355e-05,3.02085117742568e-05,4.32903785864504e-05,2.43223893098015e-05,3.74379435037722e-05,3.35249248767111e-05,2.58820752193525e-05,0,0,0,1.37836208213411e-06,3.22973287780505e-05,0,8.63536165129311e-05,3.07589715658377e-05,3.00941939431969e-05,0,0,3.76269117755154e-05,0,0,4.30526732446216e-06,1.05814258831366e-05,3.5802610485438e-05,0,3.74417308425519e-06,0,0,4.03155236418357e-05,0,7.77960248734741e-05,0,5.36969888848626e-05,0,0,3.41440551003759e-05,3.86443105719046e-06,0,0,0.000114843174815271,4.57887265124977e-05,0,3.48672374736714e-05
0,4.71553370205815e-05,0,4.37328121844115e-05,0.000132600027080253,3.17758284754101e-05,0.00023985863488183,0,0.000189670458788641,8.25862391946744e-05,2.52707576769913e-05,2.58773661195897e-05,0,0,0,3.3841219276555e-05,0.000113643372613402,0,2.25325034153032e-05,0,0,0,0,0,0.000137494866549861,0,0,7.70174111793128e-05,0,0.000108574832488257,0.000100694782553282,2.25075015217391e-05,8.13856951442779e-05,0,6.08992685673413e-05,1.1856351087406e-05,5.81894539595823e-05,5.77124959612971e-06,7.36159816908376e-05,0.0001944769165645,0.000240511809351191,0.000289183308076049,0.000425250957157988,0.000713657800177037,0.000903184185554016,0.00135976485927531,0.00197832170680799,0.00281040503865898,0.0039460582369283,0.00544182933438448,0.00710492560451825,0.00929453362598122,0.0124538963435874,0.0164602466468455,0.0213420695056166,0.0270604088444914,0.0356490436954395,0.0456344874612621,0.0564679016996774,0.0672355922103861,0.0757495182781281,0.0786618951023065,0.0757412207747015,0.0684636383437031,0.0587554030727722,0.0491102975830905,0.0411347091623335,0.0352716557382732,0.0309326083625947,0.0270191557201107,0.0235044676537902,0.0198381743553705,0.0165499096876396,0.0131979761353295,0.0107785132053852,0.00872071516679209,0.00738770014596465,0.0061713736502558,0.00526742081273653,0.00450031583964023,0.00378237240238264,0.00307673770985031,0.00255971730236538,0.00210958321063774,0.00173348285099004,0.00149657678347629,0.00120333410545644,0.000968041285124917,0.000888571828860491,0.000782360347239929,0.000704062073427145,0.000597689017069424,0.000461320095170038,0.000435039354750159,0.000307934415725437,0.000289253782163532,0.000214158407178141,0.000216067301751759,0.000157271129966294,0.000126442201331072,0.000109528060932755,0.000143168765022926,8.95632519864821e-05,0.000150503242387966,0.000108278013133101,0.000110466053848361,0.000133600868505807,8.05890879367759e-05,0.000106288799976409,0.000106957647507799,0.000115204803371212,9.66940576760759e-05,8.13053765612033e-05,6.61291021583409e-05,0.000123086900336223,5.83440437927257e-05,8.38814622907614e-05,0.000121231087907879,2.1444467885945e-05,8.54428149176545e-05,2.64373460306911e-05,0.000128366128293195,2.95622076977972e-05,8.01714469309715e-05,0.000116244241469955,5.38935348503018e-05,1.27216197451082e-05,3.87319803122754e-05,6.85027350547639e-05,6.25363300531831e-05,3.49574600670902e-05,0,7.54111020225548e-05,5.30792075507364e-05,1.78287409172587e-05,0,5.94505182185874e-05,8.78283080873369e-05,0,4.7754523026028e-05,9.23011155935833e-05,5.31211794795571e-05,0,7.57262040123796e-06,4.36979657952566e-05,0,1.37875442248457e-05,9.54812939501999e-06,8.35822833819002e-05,3.12391628300572e-05,0,1.73339534436256e-05,0,5.76967291421683e-05,4.73955583391818e-05,0,1.45829013376694e-06,0,0,2.52031588072674e-07,0,0,9.4990897434124e-05,0,0,3.23295422869371e-05,0,0,3.57945859683494e-05,0,0,4.81153628548916e-05,7.52765918351801e-05,1.81629224771095e-05,0,3.19579985223914e-05
0.000102935070500028,0.000296375547311632,9.95182505353268e-05,0,0,4.93810348597084e-05,5.47891071211959e-05,0.000114481622669478,0,0.000279591714850278,0.000148104159928756,5.58095788699436e-06,8.55602175229337e-05,7.85558253769085e-06,0,0.000165577573746083,6.73910871427195e-05,0,8.58010939619974e-05,3.48068839624707e-05,0,0,5.98750478922202e-05,0,9.26432542759478e-05,0,6.46656771701774e-05,1.02472134023236e-05,0,7.32699139632441e-05,0.000252554533779686,5.86734616551282e-05,0.000171805007528809,0.000151238283339877,0.000286156651268219,0.000441417139158289,0.000482683627444184,0.00073216552239176,0.00101517532930148,0.00149505319278883,0.00199196254968186,0.00279897680136777,0.0040467586288363,0.00541727507185878,0.00747436622193663,0.00982040309099609,0.0128005699113332,0.0171344005696098,0.0232605040558494,0.030786799570175,0.0409261499394928,0.0540026212983469,0.0675990348794467,0.0791975706703322,0.0850928022125842,0.0836648493670355,0.0751956136280551,0.063124534394907,0.0515172529526967,0.0430025000738668,0.0370471620552371,0.0321816912035187,0.028150953017791,0.0238373460156537,0.0198803628227651,0.0160319317141987,0.0127932500661941,0.0103270307216491,0.00831485246642014,0.00697957304764445,0.00591870036507226,0.00488385129558605,0.00415032171660736,0.00329232164279661,0.00268186987993144,0.00217935005520368,0.00177600591649906,0.00144906696800465,0.0012853861405171,0.00107280426866671,0.000964021087133694,0.000753184105232473,0.000642167337355048,0.000559707771250437,0.000491298093999104,0.000443173424956149,0.000317113209231003,0.000275115929020013,0.000273325720695802,0.000281593276414838,0.000184293532600874,0.000157052948882046,0.000182021915924193,8.58920884887358e-05,0.000144857800658967,0.00014503854411968,0.000109950911498696,0.000153844222414928,0.000136760917650634,6.9006448695369e-05,4.91958655693863e-05,3.560179741296e-05,0.000135077114750874,2.72889498208511e-05,8.90775329719488e-05,0.000136355437452848,0.00011435278332428,5.24533821701076e-05,4.73289870352279e-05,0.000109522851619308,6.89217616383739e-05,8.2287952573842e-05,0.000169293945519645,7.60075413456672e-05,0.000115327366905546,0.000120755607169028,8.76592533468048e-05,8.80958998656752e-05,7.99505712493967e-05,8.84493301870916e-05,7.99657701313202e-05,0.000112728397849582,0,9.69597234912459e-05,5.6529982021343e-05,5.99711307979112e-05,0.000112442984843696,4.98375313568888e-05,5.95512600284001e-06,8.81177639939872e-05,8.45807045745571e-05,7.19751070336219e-05,6.83197825565043e-05,4.82701118746834e-05,2.68939114007076e-05,5.00699006623911e-05,4.99686763738001e-06,8.61411275357027e-05,0,4.20590960646721e-05,5.80478295617211e-05,1.05868229444494e-05,0,2.22836280538571e-05,3.85652878663392e-05,7.83424447355704e-05,1.60159377730638e-05,5.70193939698731e-06,2.82638514258019e-05,2.50133445971273e-05,6.15164608850281e-05,3.71392564138845e-05,0,0,0,0,5.66851775793975e-05,6.55494517385213e-06,3.69346081728844e-05,4.91848539993091e-05,1.61733462459232e-05,9.05589535494604e-05,9.06105131393161e-05,1.17307408867453e-05,2.45874578795837e-05,3.38114565788804e-05,3.84656271941971e-05,2.80396314772159e-05,8.30777246414312e-06,8.64638950735349e-05,5.02239301336023e-05,0,2.61233930170198e-05,3.75689461646558e-05,0.000145184172465224,0
0.000238137787784616,4.63498782867126e-05,0.000127493353410199,0,6.41628881146943e-05,0,0,0.000106034484927439,0,0,5.13069130972738e-05,0,6.03997975640434e-05,0,0,0,0,0.000199338597352908,0,0.000210866712604441,0,0,2.9545391248826e-05,0,0,6.81816355403933e-05,4.02776060918899e-05,4.94086121755307e-05,9.15064318258072e-06,0.000123239119277108,0.000288775569977143,0.000210227174217099,0.000373232095989072,0.00035963106379294,0.000837533939674185,0.00103548511763757,0.00164106789216531,0.00222983796751548,0.00327132313374039,0.00490540782571772,0.00707955740105944,0.0100504502097328,0.0140656217528515,0.0194612006707824,0.0269245661070964,0.036927053098868,0.0504408925416728,0.0668330149090818,0.0827887556992391,0.0945487558425104,0.0968101918183863,0.0887607245317578,0.0744529584754619,0.0588256024220175,0.046031765928242,0.0369015810585701,0.0315272975155059,0.0272835662768596,0.0225206261082058,0.0181217718730173,0.014105924629282,0.011045591534314,0.00860627917205294,0.00678967319222432,0.00554105769288073,0.00459469359659831,0.00387401350622617,0.00313743356083554,0.00251926402539955,0.0020033226625525,0.00153034807899291,0.00136867035425274,0.00109919950766715,0.000890114109012047,0.000728120577075429,0.000595269335587018,0.000574500113950965,0.0004810870249911,0.000355652210077413,0.000334689642977108,0.000249835044299212,0.000182468845415389,0.000183874850173684,0.000159134842889166,0.000126421957326065,5.06675043752953e-05,0.00014484571983069,0.000110287422406894,0.000172624651017935,9.14305343663678e-05,0.000115531651590361,0.000160238006987359,0.000112259776658463,8.87185256595676e-05,0.000128292221714766,0.000122668721343041,0.000143151843558147,7.26345026031139e-06,0.000127217382294868,0,1.27054623449141e-05,7.00115019647299e-05,5.34149549481208e-05,3.83413420331645e-05,6.05191473275203e-05,7.62972321624104e-05,0,3.98137498648374e-07,4.59984131152954e-05,0.000121763930843751,6.32504041371701e-05,7.32418407585183e-05,0.000104698614723539,6.90786173033472e-05,0.000120197645288899,1.91642525810887e-06,9.01416030240573e-05,6.17688044719508e-05,7.3272067195478e-05,5.04507038875115e-05,1.43765895497929e-05,8.71681745371643e-05,0,0.000106138735879699,0.000166219326133313,1.31958567496978e-05,5.48513302160014e-06,2.51962996986989e-05,4.85992121619945e-05,5.76328395576414e-05,3.72770631367613e-06,1.62797601262988e-05,2.40189670125802e-05,0,3.69254106709302e-05,0,0,7.49499658137844e-05,8.61230284855097e-05,2.23009297606371e-05,2.72585120471775e-05,0,0,3.61966625134954e-06,1.36896512684578e-05,5.4533506002783e-06,4.69498111091344e-05,7.4992337573126e-05,0,7.50616653208144e-05,4.42854904415796e-05,0,1.37376274529554e-05,0.000143864887799335,0,0,1.56659387027191e-05,0,4.75587196561635e-05,2.02215871769129e-05,1.29294808712665e-05,5.86753923020259e-05,0,0,0,5.05983927365461e-05,3.0956913988701e-05,0,0,1.63136316006994e-06,0,3.09737416714317e-05,6.83047311921494e-05,2.40349158522915e-06,0,0
1.18513658989761e-05,3.37086675850775e-06,0.00010749714097618,0.000170231007773848,7.34113196147865e-05,6.4621529131706e-05,4.65435311079753e-06,0,0.000133295073962237,0.000135363519843888,0,6.33019574173778e-05,0,3.69379919121068e-05,4.90822666737431e-05,9.00114093926592e-05,0.000141152325389689,0,0.000146488431150283,0,9.95017772847442e-05,7.51120789824043e-05,9.3287850500388e-05,0,0.000163874248815035,0.000143951095092853,0.000104577245198463,0.00011345720792463,2.13988666608437e-05,0.000227238552956787,9.95357496636063e-05,0.000292343296643728,0.000474898182749205,0.000745571876472112,0.000884133080778063,0.0012923260311289,0.00178655416815452,0.00257829911764524,0.0035786964907771,0.00518824907679246,0.00728926234069917,0.0100540596650012,0.0136433594895362,0.0185109784620478,0.0251642657962602,0.0342712150541176,0.0465321155105548,0.0615992771559633,0.0764903477228923,0.0887983100773493,0.0919144663184117,0.0869550203900148,0.0742883997223698,0.0600271627900461,0.0476389070748861,0.0393460518170176,0.0339259755561667,0.0295290222141299,0.0249179742819125,0.0204795406104025,0.0161804979693186,0.0127901506035781,0.00996048469576083,0.00818266181315262,0.00661204574439681,0.00562801575848002,0.00472849686721701,0.00391848888274726,0.0030365214725183,0.00251575673651776,0.00196959284508337,0.00170996676041221,0.00140119598001892,0.00109586277628155,0.000987651968377212,0.000834784221486674,0.000677556320090978,0.000589674056823945,0.000472352724055149,0.000406514912412699,0.000326966584089445,0.000294758134559607,0.00028671068720494,0.000228690501695049,0.000170938033897741,9.72878374186622e-05,0.000195086193525813,0.000162615240137984,7.92795129570727e-05,0.000144848179937262,0.000170854941520363,0.000183172124165044,0.000113589228211145,0.000138469742319887,9.0405878654486e-05,9.23679893438178e-05,0.000108243819836306,5.24018181265384e-05,0,5.99550743899891e-05,0.000132345274303778,0.000141068190241393,0.000118665437041042,2.22088252509015e-05,7.34796485512699e-05,7.54758962675034e-05,9.87018896664492e-05,0.000118002536591793,6.41737687876901e-05,0.000103638723930725,8.96773385200692e-05,6.29697251145647e-05,0.000108871320957015,9.76969329146841e-06,8.41677486082911e-05,7.74640213471108e-05,0.000109960275650377,9.17848608698128e-05,3.71200377613562e-05,0.0001156665376456,0.00010224659731356,0.000116951670478287,2.70315309823118e-05,4.78886781511399e-05,6.61477341358816e-05,6.43333127381778e-05,3.54899672854578e-05,4.2357876083578e-05,0.00010256930747141,4.51207525140833e-05,6.95799871718646e-05,3.23243891911397e-05,3.27752229652304e-05,3.01807814793577e-05,0.000109054327253163,6.74488927111012e-05,7.11013899415484e-05,0.000111431158913207,0.000151418103224831,6.61443588510673e-05,5.25418787256594e-05,9.85972283958678e-05,0.000140893416347231,3.52960942186886e-05,5.48486800861429e-05,9.43507359207943e-06,6.70578261754285e-05,0.000130552943184737,6.50573250515023e-05,3.10927669713614e-05,9.88047398085937e-05,2.30895001740187e-05,1.26414295175679e-06,1.91112742383274e-05,2.79911820818142e-05,0,0,0,6.30272147217666e-05,0,0,5.49057580732455e-05,1.30886135934448e-06,0,0,0,2.05542222170851e-05,2.71175870244049e-05,0,3.42155091340126e-06,0,0,0,9.93299670552974e-07,0,6.30392065873261e-05
4.33292206461196e-05,0.000122780346498835,0.000130574458982501,0,0.000128675827291494,0.000103764807667874,0,0,0.000178523665320313,0,0,0.000117288086468769,5.91708205403125e-05,8.59890923216004e-05,6.36191691924145e-05,0.000196179424681359,0.000167697027124154,1.02958846217105e-05,9.28284620315983e-05,0,0,7.11734114512276e-05,2.52193526345424e-05,0,0,0.00016185063915858,0.000157571193209185,0.0002907687579198,0.000117575755407067,0.000415167101305158,0.000293740209817646,0.000520634023246098,0.000762698396901252,0.000969172140744275,0.00144550802793896,0.00205916085228561,0.003039879200155,0.00452666548735006,0.00641807727661954,0.00925085654891258,0.0124043964976243,0.0158668768557572,0.0189550077091312,0.0225082054333671,0.0271470183912281,0.0331963317245375,0.0411371591238395,0.05274007764827,0.0664386462288653,0.0805906555303711,0.0898119040115885,0.0913354723480557,0.0819837479900932,0.0673072260815281,0.0517563843001266,0.0398312940979549,0.0317648124388535,0.0269720208307368,0.0228290621246686,0.0192101526494858,0.0154099921227427,0.0118750852336998,0.00900957741001717,0.00698755615807853,0.0055204195253976,0.00445695659508231,0.00374622520991236,0.0031581737104518,0.00250596339641131,0.00202073966197989,0.00150590556384516,0.00129622408800115,0.00104385836105052,0.000899530041438548,0.000647504749866211,0.000603133976468599,0.000569561120293477,0.0003727725646713,0.00034143748145184,0.000278693634026692,0.000307287074883254,0.000179023360167422,0.000234925040927287,0.000181729205677237,0.000108911309755486,0.000133758208135566,1.48366997806084e-05,0.000125730132429626,7.45577273455571e-05,9.2604350771222e-05,0.000115017417979312,9.32858894574293e-05,0.000144860367300056,9.41169191417566e-05,5.7390829848092e-05,6.07927415133535e-05,7.63566914135513e-05,3.97088751222533e-05,4.55825855838532e-05,3.03634334772809e-05,7.60317853989273e-05,0,9.64850427373601e-05,0,4.32097238625064e-05,5.14850378919221e-05,8.0302256044051e-06,7.05520073036386e-05,4.9602436511799e-05,8.95973942395025e-05,7.78788612723762e-05,0,4.61997734257147e-05,5.97980690720782e-05,5.98796817225459e-05,4.4752453429953e-05,1.86825967880944e-06,8.0855364387975e-05,5.38468161561338e-06,2.8935358203701e-05,6.1903404107736e-05,4.68536556510858e-05,0,9.14638400719371e-05,1.95674574252494e-05,3.06970017041668e-05,5.20895350709999e-06,3.59003195550963e-05,6.06500759210398e-05,6.94357299258864e-05,4.96621118488034e-05,0,5.27109392185889e-05,4.10310626782315e-05,6.87558401909289e-06,0,1.90258708672738e-05,2.58779103672548e-05,1.62002989730387e-05,1.2553048409159e-05,8.33693053687875e-06,4.95162944635944e-05,0,0,2.84837960348474e-05,4.34091217269355e-05,0,0,9.29019134170192e-06,4.58141275612542e-06,4.74603653470305e-06,1.98205192601011e-05,0,0,0,0.000101897025976199,0,0,0,0,0,3.61473491505656e-05,0,0,1.77833130457033e-05,1.18733674022079e-05,0,3.81717603381765e-06,0,7.72283186951062e-06,0,0,2.85463100727376e-05,0,0,1.0031718456923e-06
0,0,9.26055733612669e-05,0.000158676948289661,1.81778704542472e-06,0.000142819440119513,0.000373216174155327,8.46211586404348e-06,1.78534920329403e-05,9.63925443813785e-05,0,0.000179840799448733,0,0,0,0,0.000155463793764997,0.000128143549516301,0.00011126205992808,0.000197510251931425,0,0.000144853939835151,0.000215079057785075,0.00013472034923953,0.00032154659115339,0.000687350250004684,0.00103445215309108,0.00178136734380132,0.00279939666837082,0.00453822621546212,0.00752920875276116,0.0116051968071102,0.0177622390892754,0.0265782781707962,0.0398026308903699,0.0577706422305719,0.0796486051861818,0.101469099352308,0.113600983019094,0.110579362079396,0.0951452668707335,0.0748972128960059,0.0567043543723256,0.0428246134608133,0.0337841149685408,0.0265785221626241,0.0205716481365873,0.0153910219370297,0.0113260396569214,0.00821992783279076,0.00619770613449645,0.00466539824180336,0.00384881597730976,0.00276340003114915,0.00227126197861606,0.00165788307966013,0.00138548886010337,0.00108077182313481,0.000900208285035623,0.000717258419718842,0.000566642700005859,0.000509136876048585,0.000409064150641805,0.000261479245132039,0.000278556451022276,0.000234035044320735,0.000223217797337105,0.000156379808799189,0.000195749676612665,0.000198640544074547,0.000205438766381668,0.000118429712004746,0.000170769488274184,0.000146041047218217,8.98848466294322e-05,0.000170953876384187,0.000147480947563059,0.000191546481675999,5.29867903132807e-05,0.000188266534388426,0.000165003612819239,9.72665143952127e-05,0.000104934611139055,0.000149280779424143,0.000130592268929907,0.000104716020603166,0.000151500015809538,0.000115808891212476,6.6756338415481e-05,8.90757522998595e-05,9.55824915124816e-05,0.000124244995804858,0.000138021645812051,0.000129228006051738,0.000128459780353353,0.000144792462608493,0.000119817241246511,0.000111777274814844,3.99704798400331e-05,2.72868696522254e-05,8.82700128579215e-05,0.000147906756872855,0.000132038879050018,3.35646922462381e-05,5.05240413695667e-05,0.000123199534391928,9.66772741306385e-05,0.00015341042825266,0.000147855997858641,7.35113828830431e-05,0.000112579397949331,0.000108054090229762,6.440268867485e-05,0.000142709033817351,4.99636008546881e-05,0.000144183659427711,5.18112289720743e-05,8.69061856794462e-05,2.93024164312256e-05,0.000108276471352979,6.28963005568829e-05,8.40771440039757e-05,0.000174248855311163,9.83371156804179e-05,0,0.000140946584989912,3.83925062625352e-05,5.11531917260034e-05,0.000110875115030884,0.000124907041488103,2.60450819577099e-05,8.46017264341349e-05,6.25613346330404e-05,7.2195264820932e-05,6.58961800819094e-05,6.40401429604517e-05,6.92749876297843e-05,5.08648892392623e-05,3.24669904401393e-05,8.81634842830262e-05,2.79319230474502e-05,2.98530972729849e-05,0,3.04364555917059e-05,0,1.18051088971683e-05,5.96530827534146e-05,0,8.59150124482426e-05,5.00499565338057e-05,6.66860164850594e-05,3.54083119264504e-05,0,0,5.50200264998096e-05,0,4.2012822150142e-05,5.08637128500916e-05,4.82016748668803e-05,0,3.89123831360119e-05,0,8.63260515384521e-07,0,3.39985620003515e-05,0.000112518225712459,4.35532819840878e-06,0,9.17519069531183e-05,0,0,8.59241621417919e-05,1.31660168877016e-05,1.3329665692326e-05,1.07941548999105e-05,9.68399208259694e-06
0,0,0.000185425827393435,8.37672936925336e-05,0.000154846738140995,0,0.000137104379659461,0,0,0,0.000280786514421424,4.02205165110576e-05,0.000145669438115626,0,0.000118672967528046,0.000147972080168537,9.73445031503864e-05,0.000374124816549218,0.000218131941732249,0.000322024419030128,0.000385089369094644,0.000659736496631866,0.00100567611519967,0.00142429219064635,0.00217245696778399,0.0036341204210117,0.00565326452095099,0.00934871604064193,0.0140474370209951,0.021146591318231,0.0306929822255761,0.0428871325152675,0.0589669651150113,0.078946684680163,0.0982301668990253,0.109698182646377,0.106803269235309,0.0926176541626446,0.0715269027162599,0.0539593475139686,0.0413743715922327,0.0328627375190576,0.0262404388491896,0.020514600395959,0.0155439241981236,0.0115748924111806,0.00879906329819338,0.006609814381937,0.00524067856580886,0.00411275221150422,0.00309535016493279,0.00215532048086255,0.0018369597470001,0.00132707841217201,0.00100325876648633,0.00082230633611225,0.000702713134749618,0.000650515792201344,0.000540530377939721,0.000419127071068138,0.000395774245692566,0.000283712533935381,0.000241060905771586,0.000193622959702867,0.000205491704819057,0.000185301077506959,0.000199718360976705,0.000237235180591094,0.000191900964903893,0.000142346920406766,0.000162565933781366,0.000163664946338837,0.000109311030231265,0.000162209143526474,0.000154105143540044,0.000117201053707236,0.000203793771915816,0.000172433240633163,0.00015774823079505,0.000169150128637605,0.00014931880238691,0.000130445023345344,0.000129635846202465,0.000131810971832095,8.32915656032749e-05,0.000167895794799562,0,0.000150974842018546,0.000117484054148547,0.000109879681409649,7.82140638876688e-05,0.000152815937389345,9.49242019145729e-05,0.000143452674944684,0.000110502872885027,7.83062197859155e-05,8.15805439586843e-05,0.000112560455572797,4.48238710155789e-05,0.000114113970605223,6.8967391208322e-05,0.000120477400474139,7.61557372572288e-05,4.13501469590407e-05,5.65561026518235e-05,8.05803130388649e-05,7.81551296792795e-05,0,9.06928652414701e-05,8.76077814853834e-05,7.75978701230301e-05,4.35406396544485e-05,6.99666689515955e-05,5.96843815791873e-05,7.08874142467667e-05,3.77817097013278e-05,5.00082912417896e-05,6.72335630712541e-05,0.000122255144476945,0,9.79937791156317e-05,8.1639873386617e-05,9.72332604730125e-05,8.46530039375894e-05,4.78827075443396e-06,5.4747764006713e-05,0,1.60975477345733e-05,5.21810688023679e-05,5.4765455893334e-05,0,4.29308391471302e-06,8.77171410578739e-05,2.55196281465817e-05,1.06553746214149e-05,0.000137858226066259,8.56240351076112e-05,6.76653055501488e-06,3.4745819154295e-05,4.33351254918601e-06,3.36232794098853e-05,5.33950902469795e-05,0,8.00052453549523e-05,5.34339147550703e-05,2.98837353380716e-05,4.63321682825936e-05,2.72245587605618e-05,0,6.13757352394398e-06,6.52737623481726e-06,3.98163464073699e-05,6.7156634749534e-05,2.56677889789546e-05,0,0.000105701466892826,3.15051118909269e-05,8.60757942939707e-05,4.34298619412433e-05,3.91255491418549e-05,8.14328945868971e-06,6.14839324015084e-05,0,0,0,1.2054730783691e-05,1.47965547421966e-05,0,1.54855153992449e-05,2.45473183250959e-05,3.50769666352802e-05,4.5836307244828e-05,1.07590616310466e-05,1.33845283063219e-05,0,0
0,0,0,8.07458480159192e-05,0.000121810020247813,0.000283353842715274,0,0.000184036598867006,0,0.000140618057419803,0,0.000364988912134386,0.000575209121861843,0.000736956135028312,0.00115486142502764,0.00184537822095972,0.00321588510101638,0.00545693076261558,0.00900321066935621,0.0145853228964529,0.0239199972316539,0.0378248580291114,0.0577284426913384,0.0847372018619911,0.113845256922656,0.131662355437282,0.125262555465607,0.0984336788216253,0.0712472801701747,0.0507062462516677,0.0384631752466207,0.0298439398974797,0.0220892183136178,0.0160762072218723,0.0113729447488977,0.0083613630926897,0.00635265212265478,0.00493915775605353,0.00374515566815415,0.00280947347064343,0.0021881117294622,0.00158687742404518,0.00125075309897047,0.00098433239964824,0.000821735467143229,0.00070181101952319,0.000576823627272006,0.00031173095739242,0.000390248436856874,0.000309303737948093,0.000297174808720881,0.000233745567418624,0.000259956094829556,0.000152043499194511,0.000146571783833878,0,0.00017272891700065,0.000145700701845139,0.000158165892905891,6.26986422518048e-05,0.000158109524187855,0.000164616746552119,0.00014142706555209,6.56525873814404e-05,0.000176646055285433,0.000130023566617447,0.000215320310901112,0.000130944531995935,0.000155946155204851,0.000123898783574594,0.000189192971234962,0.000162204984619572,0.000155130808029879,0.000124566626102458,0.000162217467657476,0.000194329351237526,0.000158240108467179,0.000155333316062751,0.000144842005370571,0.000178332435687278,0.000126957713003477,0.000183069602286247,0.000205033458716476,0.000130257964911215,0.000167025631534524,0.000146132683223231,0.000137920941042669,0.000165063307728388,9.89227115838881e-05,0.000178706487967596,0.00018677823482854,0.000190277045057938,0.000198026914836052,0.000175856356852405,0.00021786943501247,0.000184412357812663,0.000169855380189388,0.000216104986861859,0.000166821026741379,0.000176192960019011,0.000183551759625289,0.000146326121548877,0.000102872520319436,0.000134525213399712,0.000152001466465319,0.000184849069091836,0.000141590954186447,0.000191195133486284,0.00015322758360632,0.000147793609930599,0.000180438802047978,0.000140340017255238,0.000113439460667043,0.000105015360556512,0.000135939210013542,0.000154244951195496,0.000141006933307633,0.000146852213329917,0.000166918794284338,0.000164946523057372,8.73659053399872e-05,0.000102308491806015,0.000160776847064367,0.000128770532925966,0.00012014197430789,0.000133098928795446,0.0001058139336493,0.000103182499506763,6.9512674282053e-05,0.000109734582788494,9.71417819222945e-05,6.48926336871673e-05,4.59411391030147e-05,0.000110393160561664,4.43414573003632e-05,9.29346080537104e-05,8.51572365827141e-05,7.8761435084117e-05,7.66220081777177e-05,6.62453366344134e-05,8.40808183728278e-05,5.06909350254885e-05,0,2.63916289842734e-05,0,4.58316687120206e-05,0.000103748332209255,9.03337963635311e-05,3.25163632652598e-05,8.48156109438256e-05,5.61799608488401e-05,2.79762921319467e-05,0,1.62189770917126e-05,8.67612581915119e-05,3.8129292992182e-05,1.30000112159511e-05,3.13319862822506e-05,6.25205151523387e-06,9.09208892399538e-06,3.0366159986295e-05,0,6.0934681719862e-05,8.99324861996641e-06,8.74992690457194e-06,2.49521299141011e-05,6.24007560074471e-05,4.42990344762363e-05,1.34022478552875e-05,3.7876999093294e-05,4.67466851427575e-05,4.30086979566435e-05,1.29154581388981e-05,0,0.000129966368947676,0
0,0.000354697655253177,2.09387908969216e-05,0.000166465447674319,0.000172511755234874,7.78606986411918e-06,2.08267266220758e-05,0.000245240468565475,2.78456804345945e-05,0.000349289803208645,0.000207706207234942,0.000966768014472526,0.0015555817437525,0.00253250930411996,0.00434437577474622,0.00762253610638821,0.0123717010027667,0.0216711022188733,0.0356643527309067,0.0590953856616243,0.0906753301339447,0.127405805579642,0.145816116639176,0.127952797258743,0.0932545997978254,0.0650006513492301,0.0466634692099995,0.0353738127950172,0.026173251531713,0.0185476437999258,0.0130225431248152,0.00937807276062927,0.00690319094242412,0.0053499653408301,0.00428672932167629,0.00322098647685385,0.00237999546351487,0.00171536316596183,0.00128733559124723,0.00109930101088744,0.000841644326459854,0.000723112251717493,0.000584383317962733,0.000360803077113862,0.000396049003865469,0.000337507353760323,0.00023667690340098,0.000276177847971496,0.000264547557256485,0.000229017913476178,6.92457640982416e-05,0,0.000164798761604516,0.000221354972060726,0.000202797085997034,4.87273591199821e-05,0.000150002220461141,0.000160642531051868,0.000196238928680896,0.000188738367187905,0.000141699559052658,0.000103180270132789,0.000169920947218294,0.000175403139973595,0.000136984324289331,0.00015483099472249,0.000167286198625681,0.000123219754444218,0.000131794963334496,0.000216408285318369,0.000133666125873823,0.000133207594898749,0.000139068656577612,0.000170481321279065,0.000144658540624772,0.000109917825124456,0.000183934302914757,9.06131073278362e-05,0.000167714961704522,0.000206171553639404,0.000202168746297076,0.000181875945091685,0.000245834614699671,0.000170937639419375,0.000110820661708263,0.00019895987245623,0.000202889603564796,0.000240592777948999,0.000236708304580015,0.000245681191489351,0.000217211913143579,0.000272552592389179,0.000249217828308014,0.000215689746258497,0.00028390021980633,0.000253588229653915,0.000256331617896143,0.000214233279491297,0.000260110244002238,0.000321501287672127,0.000267804059731305,0.000332061725465173,0.000356593843899956,0.000119980533155176,0.000315200135307891,0.000323817440745232,0.000298346606191537,0.000341452047846819,0.000326393338470424,0.000343897230261295,0.000345889571847234,0.000313749306000685,0.000308864051766306,0.00030432378900898,0.000356375089377549,0.000330661791357544,0.000377367515174232,0.00034768112502159,0.000221969297140511,0.00032128569434224,0.000290856055141526,0.000261894737179965,0.00023859595800699,0.000313935078747797,0.000162206689110928,0.000216104863522959,0.000301810799014942,0.000295631826741618,0.000266369773998288,0.000285092042073037,0.000282622781908864,0.000220320050316111,0.000234224344870623,0.000256618812236615,0.000200405801915029,0.00023141198994491,0.000209610667668815,0.000243210034609666,0.000152364579631585,0.000217194737330885,0.000204977623911017,0.000174488975783257,0.000187780315108076,0.000128939826936675,0.000130482014707719,0.000184430662826991,0.000158332753050346,0.000111253797770091,0.000121810968997533,0.000142811719267853,0.000192458616605457,0.000174560313361133,0,0.000127100855874514,9.06487761167739e-06,1.68750779120351e-05,7.2517651043327e-05,5.59446250766096e-05,0.000112459845403139,0.000112239931776808,6.53109750816426e-05,6.36450266234278e-05,7.60599253219848e-05,0.000126713873223483,7.23671782793592e-05,9.19781102581155e-05,3.68698840358436e-05,4.46698631470523e-05,2.28457275982697e-05,5.12076307714344e-06,4.72358031158056e-05,5.2660830973031e-05,5.70906627383139e-05,4.41808266641569e-05,1.39785298921971e-05,3.38038960969158e-05
2.16944777489625e-05,0.000141609883520692,0.00032566823803416,0.000129272613561077,0.000204493100006963,0.000199126020533331,0.000452484330745448,0.000489352760274592,0.000910437106810887,0.00217177341041592,0.00547812271265659,0.0118777656144931,0.0231848055908115,0.039698200042004,0.0641670407013683,0.102960835607265,0.143692100440133,0.158214280761377,0.123605731711353,0.0845850350592377,0.0583251114366896,0.0424890017125432,0.0307411530641522,0.0210041669640022,0.0140362021533829,0.0101072760054577,0.00734776967333861,0.00580016388078776,0.0043806640574384,0.00345588032533139,0.00246624822253339,0.00179696343177448,0.0014495972017671,0.0011850698278324,0.000956718659342007,0.000811752223092271,0.000575486474917126,0.00058149759455633,0.00042239085702132,0.000365568349783219,0.000311241644612717,0.000290938955857426,0.000359754260984046,0.000247715168899598,0.000217779522891564,0.000162907878679549,0.000208227314702867,0.000208253476150117,0.000186790390545036,0.000221214013305249,0.000170454480037616,0.000189459248633843,0.000119946877602302,0.000241270159705415,0.000162236974221877,0.000244838659204115,0.000114145440010455,0.0001172016437063,0.000176725261802505,0.000154297716873451,0.000168946565455705,0.000133570197452377,0.000159551247856633,0.000123809088155047,0.000154301074909963,0.000160730855799031,0.000155134648903816,0.000192053917543884,0.000107637409061256,0.000137021165673136,0.000190002001046929,0.000214225158383766,0.000167704482415398,0.000243403606205141,0.000207122442596344,0.000175274433841309,0.000142412766622698,0.00018225243371453,0.000239474234922143,0.000170410513187462,0.000250027840836451,0.00025362671885151,0.000245384847747586,0.00025319118932521,0.000273929641888418,0.000246766406443975,0.000260383869253622,0.000269350763868782,0.00022626395356312,0.000256049815523917,0.000299715691893325,0.000227896271683742,0.000314286290415448,0.000350056485817221,0.000313239988713214,0.000322256707218957,0.000361969549862033,0.00034906000800557,0.00031898676059439,0.000351665219588382,0.00034614007811704,0.000296480887511332,0.000338559427830612,0.000275075903747306,0.000332909336163451,0.000335524465668057,0.000303326752552475,0.00034693398042372,0.00032926945886539,0.000361239528342964,0.000327588175886781,0.000288340304159894,0.000358748958564815,0.00032593133629023,0.000395687828766851,0.000343643963673951,0.000393783900158069,0.000309758876257715,0.000327808166325294,0.000297768421185368,0.000333151973824955,0.000292966038502962,0.000347014417112278,0.000328622997789774,0.000366693292014946,0.000303352054967128,0.000333361265402951,0.000315731183242343,0.000225853882639218,0.000291144030366313,0.000250824710710283,0.000251226035120477,0.000289235884688422,0.000232553946420616,0.000248962796604845,0.000276846526115925,0.000212848441507465,0.000167808425359545,0.000247758432904901,0.000245422645181821,0.000197018657386982,0.000200206293070053,0.000141401607163038,0.000137215307039888,0.000119485108534881,0.00015709261847229,0.000189974980567084,0.000141412696492917,0.000146672396892018,0.000170485405211081,0.000124278198046473,0.000148560550538578,0.000124327006716714,0.000132465091064236,7.79347951684227e-05,0.000129204047141122,0.000130291894783466,0.000150255187569365,7.16825216512892e-05,9.96252120360211e-05,2.88969194114222e-05,8.01530516135605e-05,0.000133505926195403,2.56592255561514e-05,5.1300723803271e-05,7.97642222229483e-05,7.25508474183545e-05,6.35203843910722e-05,3.39174963732762e-05,3.17752252659705e-05,9.68103184058507e-05,5.91531407656034e-05,0.000112480712932793,8.41680918745663e-05,0,7.48641441061866e-05
